YEAR,MO,DY,T2M,T2MDEW,T2MWET,TS,T2M_RANGE,T2M_MAX,T2M_MIN,QV2M,RH2M,PRECTOTCORR
2020,2,20,21.78,12.3,17.04,19.83,11.85,27.68,15.83,8.85,56.5,0
2020,2,21,21.62,13.14,17.38,20.37,13.27,28.06,14.79,9.34,61.19,0
2020,2,22,22.26,13.51,17.88,21.03,12.45,29,16.55,9.52,59.44,0
2020,2,23,23.26,15.79,19.52,22.25,10.95,29.1,18.15,11.05,64.19,0
2020,2,24,23.08,16.27,19.68,22.49,10.74,28.55,17.8,11.41,67.25,0
2020,2,25,21.26,16.15,18.7,20.58,7.53,26.06,18.54,11.35,73.44,0.97
2020,2,26,21.12,16.4,18.76,21.65,8.35,25.93,17.57,11.54,75.94,1.41
2020,2,27,21.07,15.57,18.32,21.7,9.63,26.31,16.67,10.93,73.12,0.13
2020,2,28,21.24,13.34,17.3,21.45,12.44,27.82,15.38,9.46,63.75,0
2020,2,29,22.19,13.3,17.75,21.9,12.91,28.93,16.02,9.46,59.88,0
2020,3,1,23.26,14.3,18.78,22.52,11.6,29.48,17.87,10.07,58.88,0
2020,3,2,24.24,13.99,19.12,23.02,11.41,29.74,18.33,9.89,55.25,0.38
2020,3,3,23.72,16.31,20.01,22.85,9.9,28.8,18.89,11.54,64.31,22.87
2020,3,4,23.29,17.9,20.59,22.98,9.03,27.77,18.74,12.7,72.94,21.8
2020,3,5,23.49,18.32,20.9,23.26,9.48,28.08,18.6,13.06,73.88,3.31
2020,3,6,23.29,18.15,20.72,23.36,9.87,28.13,18.27,12.88,74.75,6.25
2020,3,7,23.03,18.76,20.89,23.3,9.39,27.65,18.26,13.37,78.19,3.15
2020,3,8,24.1,19.24,21.67,24.12,8.64,28.62,19.98,13.85,75.31,1.38
2020,3,9,23.3,15.37,19.33,22.73,9.8,28.36,18.56,10.86,63.12,0
2020,3,10,22.87,13.13,18,22.12,10.5,28.9,18.41,9.34,55.69,0.05
2020,3,11,23.77,14.9,19.33,23.26,11.44,29.25,17.81,10.56,58.5,0
2020,3,12,25.76,17.44,21.6,25.4,11.88,31.73,19.84,12.33,61.88,0
2020,3,13,25.98,17.69,21.83,25.88,12.77,32.88,20.11,12.51,62.75,0
2020,3,14,25.26,17.38,21.32,25.56,12.65,32.52,19.88,12.33,64.25,0
2020,3,15,23.93,15.88,19.9,24.45,13.8,31.89,18.08,11.23,65.12,0
2020,3,16,24.76,16.78,20.77,25.2,12.95,31.8,18.84,11.84,63.81,0
2020,3,17,24.6,15.82,20.21,24.83,12.41,30.99,18.59,11.11,60.25,0
2020,3,18,25.12,15.4,20.26,25.04,11.91,31.44,19.52,10.86,56.56,0
2020,3,19,25.66,14.03,19.85,25.16,13.47,32.15,18.69,9.95,50.88,0
2020,3,20,25.55,14.12,19.83,24.74,11.98,31.37,19.37,10.01,51.19,0.39
2020,3,21,26.44,13.9,20.17,25.9,12.36,32.68,20.32,9.89,48.62,0.03
2020,3,22,25.48,17.01,21.24,26.01,8.7,30.23,21.52,12.02,61.25,3.34
2020,3,23,25.1,15.83,20.46,25.76,11.98,30.67,18.69,11.17,58.94,0.08
2020,3,24,26.19,15.76,20.97,26.3,10.73,31.35,20.62,11.11,54.56,0.38
2020,3,25,26.62,17.15,21.89,26.86,12.23,32.8,20.57,12.27,60.12,0.53
2020,3,26,28.08,16.28,22.18,27.41,12.42,33.89,21.47,11.54,50.25,0.17
2020,3,27,28.67,17.05,22.86,28.13,14.86,35.4,20.54,12.15,53.25,0
2020,3,28,29.2,17.91,23.56,29.28,14.77,36.45,21.69,12.82,53.12,0
2020,3,29,29.3,16.97,23.13,29.32,13.25,36.28,23.03,12.21,52.12,0
2020,3,30,28.9,13.1,21.01,28.05,14.02,35.74,21.72,9.4,40.81,0
2020,3,31,28.47,12.84,20.65,28.01,14.55,35.63,21.09,9.28,40.81,0
2020,4,1,28.87,13.23,21.05,28.46,13.74,36.01,22.27,9.58,40.69,0
2020,4,2,29.24,21.03,25.14,30,14.39,36.66,22.27,15.62,65.88,0.55
2020,4,3,28.98,21.73,25.36,29.83,11.43,35.33,23.9,16.3,68.88,10.38
2020,4,4,28.42,21.07,24.75,29.42,11.66,34.87,23.21,15.69,69.12,10.77
2020,4,5,28.01,20.96,24.49,28.76,11.36,34.33,22.98,15.5,69.38,9.65
2020,4,6,27.82,18.98,23.4,28.3,12.73,34.87,22.14,14.04,65.31,6.74
2020,4,7,28.46,19.73,24.09,28.96,13.64,36.06,22.42,14.65,65.88,7.04
2020,4,8,29.14,21.5,25.32,29.96,11.8,36.08,24.28,16.05,67.62,0.11
2020,4,9,28.01,21.29,24.65,29.08,10.42,33.38,22.96,15.81,69.81,0.04
2020,4,10,29,19.56,24.28,29.93,13.64,35.97,22.33,14.28,61.81,0
2020,4,11,29.32,20.26,24.79,30.3,12.45,35.81,23.37,14.77,61.75,1.85
2020,4,12,28.96,18.05,23.51,29.58,11.66,34.87,23.19,13,55.56,1.95
2020,4,13,28.98,19.44,24.21,29.66,12.16,35.3,23.14,14.1,58.44,2.59
2020,4,14,29.69,20.29,24.99,30.78,13.55,36.73,23.18,14.89,61.56,0.25
2020,4,15,29.45,22.49,25.98,30.26,10.98,35.23,24.25,16.97,69,3.49
2020,4,16,28.71,21.67,25.19,29.97,9.94,33.9,23.96,16.17,68.12,5.6
2020,4,17,29.3,22.58,25.94,30.08,11.58,35.9,24.31,17.09,70.12,4.44
2020,4,18,28.47,23.57,26.01,28.85,8.77,33.49,24.72,18.13,76.81,17.82
2020,4,19,28.54,23.72,26.12,29.19,9.04,33.73,24.69,18.31,77.31,20.12
2020,4,20,27.65,23.67,25.66,28.39,8.15,32.33,24.19,18.25,80.5,16.03
2020,4,21,27.79,22.24,25.01,28.17,8.88,33.29,24.4,16.78,74.06,9.35
2020,4,22,26.55,21.3,23.93,27.47,8.54,31.51,22.97,15.75,74.56,2.48
2020,4,23,27.05,22.33,24.69,27.67,8.53,31.53,22.99,16.78,76.94,12.83
2020,4,24,25.94,22.55,24.25,26.62,7.59,29.93,22.33,17.03,82.56,35.04
2020,4,25,26.61,23.39,25,27.48,7.3,30.76,23.45,17.94,83.69,26.66
2020,4,26,26.26,23.78,25.02,26.78,6.3,29.89,23.59,18.31,87,28.34
2020,4,27,26.04,22.69,24.36,26.58,6.89,29.63,22.74,17.09,82.75,13.47
2020,4,28,25.92,22.93,24.43,26.26,5.59,28.98,23.38,17.4,84.25,19.69
2020,4,29,26.01,23.01,24.51,26.69,7.26,30.06,22.8,17.52,84.5,12.64
2020,4,30,26.96,23.48,25.22,27.73,7.68,30.96,23.27,18.01,82.56,10.42
2020,5,1,26.83,23.58,25.2,27.47,7.04,30.25,23.22,18.13,83.25,15.18
2020,5,2,26.93,23.96,25.44,27.26,6.47,30.44,23.97,18.55,84.56,11.28
2020,5,3,26.72,23.87,25.3,27.51,6.9,30.52,23.62,18.49,85.31,15.65
2020,5,4,27.78,23.83,25.8,28.39,8.05,31.66,23.62,18.43,80.44,8.4
2020,5,5,28.65,25.42,27.04,29,7.56,32.36,24.8,20.32,83.62,17.38
2020,5,6,27.94,24.73,26.34,28.1,5.29,30.89,25.6,19.47,83.31,34.37
2020,5,7,28.4,23.21,25.8,28.37,8.08,31.81,23.73,17.76,74.25,6.67
2020,5,8,28.19,22.96,25.58,28.26,7.91,31.96,24.05,17.52,73.81,6.7
2020,5,9,28.85,23.99,26.42,29.06,8.59,32.55,23.96,18.62,75.94,18.2
2020,5,10,30.12,24.19,27.15,29.85,7.56,33.19,25.62,18.86,71.19,19.92
2020,5,11,30.03,24.17,27.1,29.65,5.61,32.82,27.21,18.86,71.56,1.93
2020,5,12,29.11,24.74,26.93,29.34,6.5,32.62,26.12,19.47,78.12,0.62
2020,5,13,28.49,25.07,26.78,28.83,6.98,32.21,25.23,19.9,82.62,0.47
2020,5,14,28.65,25.3,26.98,29.02,7.17,32.35,25.18,20.14,83.06,13.09
2020,5,15,28.8,25.58,27.19,29.22,6.94,32.41,25.48,20.57,83.75,17.23
2020,5,16,29.11,26.14,27.62,29.39,7.55,33.08,25.52,21.24,84.88,14.86
2020,5,17,29.44,25.94,27.69,29.79,7.98,33.56,25.59,21,82.56,13.71
2020,5,18,29.4,25.97,27.69,29.9,7.3,33.25,25.95,21.12,82.69,0.08
2020,5,19,28.94,24.18,26.56,29.08,5.87,32.25,26.38,19.04,77.38,2.04
2020,5,20,27.79,25.04,26.41,27.87,7.34,32.03,24.69,20.08,85.44,31.74
2020,5,21,27.83,25.28,26.55,27.83,3.94,30.18,26.23,20.32,86.31,34.6
2020,5,22,28.57,25.73,27.15,28.66,6.42,32.16,25.74,20.75,85.25,13.11
2020,5,23,29.13,26.26,27.69,29.26,7.52,33.19,25.67,21.42,85.5,0.59
2020,5,24,29.13,26.65,27.89,29.21,6.7,32.97,26.26,21.91,87.12,2.66
2020,5,25,28.94,26.3,27.62,29.01,5.8,32.58,26.78,21.42,86.31,1.58
2020,5,26,28.5,25.81,27.15,28.6,5.34,31.83,26.5,20.81,85.94,6.9
2020,5,27,28.19,26.3,27.25,28.27,5.04,31.28,26.23,21.42,89.69,77.82
2020,5,28,27.91,25.37,26.65,28.37,5.58,31.07,25.49,20.26,86.62,34.72
2020,5,29,27.99,25.34,26.67,28.44,5.88,31.08,25.2,20.26,86.12,24.16
2020,5,30,28.24,25.8,27.02,28.58,6.16,31.53,25.37,20.81,87.19,15.83
2020,5,31,28.59,25.81,27.2,28.83,5.42,31.4,25.98,20.75,85.56,7.3
2020,6,1,28.1,26.09,27.1,28.18,4.17,30.37,26.2,21.12,89.12,4.75
2020,6,2,27.98,26.32,27.15,27.98,4.62,30.44,25.82,21.48,90.81,6.75
2020,6,3,28.12,25.91,27.01,28.19,4.91,30.98,26.08,20.94,88.25,8.61
2020,6,4,28.42,26.35,27.39,28.55,5.44,31.5,26.06,21.48,89,31.54
2020,6,5,27.88,26.33,27.11,27.92,3.67,29.81,26.14,21.48,91.38,15.06
2020,6,6,28.19,26.97,27.58,28.12,2.57,29.58,27.01,22.34,93.12,16.07
2020,6,7,28.8,26.56,27.68,28.92,5.11,31.64,26.53,21.85,88.12,13.43
2020,6,8,28.81,26.36,27.58,29.01,5.55,31.75,26.21,21.61,87.12,15.51
2020,6,9,29.59,26.42,28.01,29.94,6.71,33.22,26.51,21.67,83.88,9.16
2020,6,10,28.55,26.67,27.61,28.65,3.7,30.37,26.68,21.97,89.75,15.72
2020,6,11,28.15,26.96,27.55,28.11,3.1,29.82,26.72,22.4,93.19,21.26
2020,6,12,28.32,26.81,27.56,28.41,4.51,30.86,26.35,22.22,91.69,9.8
2020,6,13,28.4,27.46,27.94,28.33,2.57,29.87,27.3,23.07,94.56,41.46
2020,6,14,28.6,27.22,27.91,28.51,3.77,30.73,26.96,22.71,92.25,10.17
2020,6,15,28.78,27.43,28.11,28.78,4.48,31.18,26.7,23.07,92.5,11.24
2020,6,16,28.62,26.69,27.65,28.72,4.27,31.07,26.8,22.09,89.56,16.99
2020,6,17,27.83,26.94,27.39,27.78,1.88,28.78,26.91,22.4,94.81,39.15
2020,6,18,27.87,26.72,27.3,27.87,2.91,29.4,26.49,22.09,93.38,20.74
2020,6,19,28.72,26.94,27.83,28.77,5.19,31.73,26.54,22.34,90.31,14.52
2020,6,20,28.58,26.97,27.77,28.64,4.43,31.15,26.72,22.4,91.12,19.02
2020,6,21,28.21,26.57,27.39,28.32,4.41,30.87,26.45,21.91,90.94,11
2020,6,22,28.32,26.53,27.42,28.42,4.27,30.6,26.32,21.79,90.25,5.47
2020,6,23,28.89,26.95,27.92,29.08,5.16,31.83,26.67,22.34,89.56,10.47
2020,6,24,29.12,27.07,28.1,29.33,5.73,32.05,26.31,22.46,89.06,5.97
2020,6,25,29.01,27.2,28.11,29.08,4.79,31.62,26.83,22.64,90.19,2.35
2020,6,26,28.57,27.19,27.88,28.46,3.33,30.41,27.08,22.64,92.31,4.75
2020,6,27,28.48,26.73,27.61,28.41,3.38,30.54,27.15,22.03,90.5,23.66
2020,6,28,27.49,25.87,26.68,27.49,3.16,29.58,26.4,20.94,90.94,4.24
2020,6,29,28.52,26.09,27.31,28.82,6.02,31.98,25.95,21.24,87.19,10.08
2020,6,30,28.86,26.73,27.79,29.24,5.8,32.01,26.22,22.03,88.62,4.31
2020,7,1,28.47,26.52,27.5,28.58,4.11,30.81,26.71,21.79,89.44,5.73
2020,7,2,28.75,27.12,27.94,28.78,3.95,30.94,27,22.64,91.06,1.6
2020,7,3,29.25,27.05,28.15,29.51,5.59,32.29,26.7,22.52,88.38,0.69
2020,7,4,28.6,26.94,27.77,28.81,4.68,31.59,26.9,22.4,90.94,9.53
2020,7,5,28.42,27,27.71,28.48,3.06,30.24,27.17,22.46,92,10.58
2020,7,6,28.85,27.2,28.02,28.86,3.73,30.97,27.23,22.77,90.94,7.45
2020,7,7,28.92,27.19,28.05,28.94,4.78,31.65,26.87,22.71,90.56,10.71
2020,7,8,29.1,27.16,28.13,29.25,4.96,32.13,27.17,22.64,89.62,5.42
2020,7,9,28.87,27.34,28.1,28.88,4.39,31.47,27.07,22.89,91.56,16.49
2020,7,10,29.01,27.4,28.21,28.93,3.62,31.1,27.48,23.01,91.12,18.58
2020,7,11,28.33,27.23,27.77,28.27,2.56,29.9,27.33,22.77,93.69,37.26
2020,7,12,28.56,26.9,27.73,28.63,3.96,30.87,26.9,22.34,90.88,28.84
2020,7,13,28.83,26.98,27.9,29.01,5.02,31.79,26.76,22.46,90,8.83
2020,7,14,28.05,26.37,27.21,28.25,4.35,30.63,26.28,21.61,90.75,10.62
2020,7,15,28.75,26.69,27.72,28.97,5.87,32.04,26.17,22.03,89.06,7.65
2020,7,16,28.8,26.53,27.67,29.1,5.4,31.72,26.32,21.79,87.94,5.32
2020,7,17,28.96,26.78,27.87,29.34,5.37,31.94,26.58,22.09,88.44,3.33
2020,7,18,28.26,27.01,27.64,28.4,3.27,30.17,26.9,22.4,93,12.56
2020,7,19,28.71,26.87,27.79,28.83,4.95,31.51,26.55,22.22,90.06,21.72
2020,7,20,28.08,27.01,27.55,28.05,2.93,29.69,26.76,22.46,93.88,36.75
2020,7,21,28.12,26.99,27.55,28.05,2.87,29.82,26.95,22.4,93.62,35.91
2020,7,22,27.57,26.29,26.93,27.69,3.59,29.58,25.99,21.48,92.75,45.44
2020,7,23,27.82,26.16,26.99,27.98,4.58,30.19,25.61,21.3,90.88,13.2
2020,7,24,28.11,26.59,27.35,28.14,4.13,30.54,26.4,21.79,91.62,10.18
2020,7,25,28.43,26.23,27.33,28.73,5.77,31.46,25.69,21.36,88.25,1.85
2020,7,26,29.23,26.76,27.99,29.52,5.74,32.23,26.48,22.03,87,1.6
2020,7,27,28.82,27.12,27.98,28.8,3.26,30.55,27.29,22.58,90.62,9.47
2020,7,28,28.76,26.81,27.79,28.8,4.59,31.5,26.91,22.16,89.5,24.27
2020,7,29,28.44,26.56,27.5,28.64,4.88,31.25,26.37,21.79,89.81,14.4
2020,7,30,28.81,26.65,27.73,28.89,5.11,31.55,26.44,21.91,88.44,1.75
2020,7,31,29.15,26.72,27.94,29.44,5.38,32.14,26.77,22.03,87.19,1.87
2020,8,1,29.7,27.05,28.37,30.11,5.95,32.98,27.02,22.52,86.25,3.19
2020,8,2,29.69,27.19,28.44,29.86,4.99,32.33,27.33,22.77,86.75,7.79
2020,8,3,30.51,27.14,28.83,30.63,5.76,33.4,27.65,22.77,82.81,6.48
2020,8,4,28.61,27.18,27.9,28.61,4.73,31.46,26.73,22.95,92,20.76
2020,8,5,28.73,26.87,27.8,28.76,4.96,31.76,26.8,22.4,89.88,17.9
2020,8,6,27.99,26.66,27.33,27.98,3.79,30.19,26.41,21.97,92.5,5.39
2020,8,7,28.9,27.05,27.98,28.98,4.49,31.73,27.23,22.52,90.06,8.7
2020,8,8,28.83,26.86,27.84,28.88,4.58,31.31,26.73,22.28,89.38,6.1
2020,8,9,28.55,26.84,27.69,28.64,4.52,31.25,26.73,22.28,90.75,2.46
2020,8,10,28.73,27.03,27.88,28.84,5.39,31.83,26.44,22.52,90.81,2.53
2020,8,11,29.13,27.26,28.19,29.21,4.92,31.93,27.01,22.83,89.94,25.81
2020,8,12,29.17,27.24,28.21,29.35,5.49,32.44,26.95,22.77,89.69,14.7
2020,8,13,29.11,26.98,28.05,29.33,5.02,32,26.98,22.46,88.62,2.75
2020,8,14,28.65,26.69,27.67,28.78,5.08,31.73,26.66,22.16,89.5,4.48
2020,8,15,28.05,26.31,27.18,28.16,5.05,30.98,25.92,21.67,90.5,23.55
2020,8,16,28.1,26.45,27.28,28.08,4.09,30.48,26.39,21.79,90.88,12.89
2020,8,17,28.01,26.43,27.23,28.03,4.83,31.08,26.26,21.73,91.19,26.12
2020,8,18,28.12,26.6,27.37,28.21,4.41,30.83,26.42,21.97,91.56,10.75
2020,8,19,27.32,26.17,26.74,27.3,2.53,28.57,26.04,21.42,93.44,4.17
2020,8,20,26.76,25.75,26.26,26.74,3,28.63,25.63,20.81,94.12,19.92
2020,8,21,27.03,25.8,26.42,27.01,3.54,29.15,25.61,20.81,93,13.13
2020,8,22,27.47,25.83,26.65,27.56,3.86,29.88,26.02,20.81,90.94,26.8
2020,8,23,27.87,26.03,26.95,27.91,4.82,30.57,25.75,21.12,90,15.31
2020,8,24,28.44,26.29,27.37,28.69,6.06,31.76,25.69,21.48,88.5,22.61
2020,8,25,27.65,26.34,27,27.73,4.3,30.12,25.82,21.55,92.69,12.92
2020,8,26,27.43,25.89,26.65,27.51,4.7,30.12,25.43,21,91.44,3.77
2020,8,27,27.4,26.21,26.8,27.37,3.37,29.48,26.12,21.36,93.19,8.56
2020,8,28,28.15,26.2,27.18,28.39,5.41,31.15,25.73,21.36,89.56,16.57
2020,8,29,28.51,26.43,27.47,28.74,5.61,31.56,25.95,21.67,88.88,13.2
2020,8,30,28.88,26.71,27.8,29.06,5.49,31.78,26.29,22.03,88.44,7.86
2020,8,31,29.11,27,28.05,29.05,4.64,31.45,26.82,22.4,88.62,7.28
2020,9,1,28.27,26.3,27.28,28.33,4.86,30.86,26,21.42,89.38,14.28
2020,9,2,27.99,25.87,26.93,28.33,6.34,31.5,25.16,20.87,88.62,28.21
2020,9,3,28.73,25.82,27.27,29.26,7.3,32.4,25.09,20.75,85.06,3.06
2020,9,4,29.33,26.22,27.77,29.8,7.1,32.9,25.8,21.3,84.12,1.6
2020,9,5,29.22,26.57,27.9,29.49,6.12,32.45,26.33,21.79,86.12,0.29
2020,9,6,28.51,26.55,27.53,28.64,4.36,30.98,26.62,21.79,89.44,0.94
2020,9,7,28.27,26.24,27.26,28.52,5.09,31.35,26.26,21.36,89.12,3.61
2020,9,8,28.52,26.26,27.39,28.7,5.32,31.29,25.97,21.36,87.94,4.15
2020,9,9,28.99,26.21,27.6,29.3,6.22,32.31,26.09,21.36,85.62,2.49
2020,9,10,28.65,26.4,27.53,28.85,4.77,31.64,26.87,21.61,88.06,17.92
2020,9,11,28.33,26.36,27.34,28.45,4.23,30.55,26.31,21.55,89.31,14.09
2020,9,12,28.71,26.63,27.67,28.94,5.52,31.79,26.27,21.85,88.94,8.76
2020,9,13,28.28,26.6,27.44,28.45,4.77,31.33,26.56,21.79,90.88,12.68
2020,9,14,28.03,26.48,27.26,28.13,4.28,30.44,26.16,21.67,91.44,5.15
2020,9,15,28.47,26.57,27.51,28.67,5.02,31.22,26.21,21.79,89.75,8.77
2020,9,16,28.02,26.55,27.29,28.02,3.69,30.13,26.44,21.79,91.81,3.32
2020,9,17,28.49,26.58,27.54,28.48,4.91,31.33,26.41,21.85,89.62,9.19
2020,9,18,29.72,26.17,27.94,29.8,6.59,33.16,26.58,21.3,82.06,0.71
2020,9,19,29.48,27.12,28.3,29.37,5.85,32.54,26.69,22.64,87.38,1.58
2020,9,20,30.12,27.13,28.63,29.9,6.16,33.57,27.41,22.71,84.62,3.52
2020,9,21,28.47,26.81,27.64,28.39,3.66,30.56,26.9,22.22,90.75,25.85
2020,9,22,28.15,27.17,27.66,28.03,2.45,29.55,27.11,22.64,94.31,20.15
2020,9,23,27.94,26.94,27.44,27.83,2.32,29.34,27.02,22.28,94.19,29.61
2020,9,24,27.76,26.78,27.27,27.65,2.44,29.18,26.74,22.03,94.38,20.95
2020,9,25,27.65,26.74,27.19,27.54,2.78,29.41,26.63,22.03,94.75,34
2020,9,26,27.77,26.69,27.23,27.64,3.36,29.87,26.52,21.97,93.81,50.25
2020,9,27,27.78,26.21,26.99,27.79,4.18,30.29,26.11,21.36,91.38,21.53
2020,9,28,28.28,26.01,27.14,28.55,5.62,31.33,25.7,21.06,87.94,3.17
2020,9,29,28.45,26.05,27.26,28.59,5.02,31.06,26.05,21.18,87.25,0.35
2020,9,30,28.51,25.72,27.12,28.42,4.25,30.9,26.65,20.75,85.12,2.21
2020,10,1,27.88,26.07,26.98,27.9,4.16,30.14,25.98,21.24,89.94,12.22
2020,10,2,27.95,26.23,27.09,28.06,4.85,30.76,25.91,21.36,90.62,16.7
2020,10,3,28.01,26.26,27.13,28.05,4.91,30.53,25.62,21.42,90.38,13.56
2020,10,4,27.92,26,26.96,27.8,4.54,30.49,25.95,21.06,89.5,8.51
2020,10,5,27.59,25.91,26.76,27.56,4.22,30,25.78,20.94,90.81,11.81
2020,10,6,27.04,25,26.02,27.08,3.62,29.26,25.63,19.78,88.88,29.99
2020,10,7,27.28,25.3,26.29,27.38,5.19,30.17,24.98,20.14,89.19,11.06
2020,10,8,28.69,24.87,26.77,28.48,7.67,32.17,24.5,19.65,80.56,5.46
2020,10,9,29.3,25.93,27.62,29.19,6.55,32.6,26.05,21,82.44,0.37
2020,10,10,29.48,26.22,27.85,29.57,6.07,32.65,26.58,21.36,83.19,0.05
2020,10,11,29.85,25.95,27.9,29.77,6.24,32.98,26.73,21,80.25,3.1
2020,10,12,29.51,25.76,27.64,29.36,6.54,32.72,26.18,20.81,80.88,7.61
2020,10,13,29.77,25.67,27.72,29.7,6.65,33.1,26.46,20.69,79.31,5.13
2020,10,14,28.83,26.05,27.44,29.08,5.84,32.21,26.37,21.12,85.62,8.19
2020,10,15,29.23,25.76,27.49,29.44,6.35,32.88,26.53,20.75,82.31,1.43
2020,10,16,29.15,25.58,27.36,28.95,6.82,32.42,25.61,20.57,81.81,0.41
2020,10,17,29.18,25.64,27.4,29.19,6.89,32.71,25.81,20.63,81.88,0.85
2020,10,18,27.99,25.76,26.87,28.08,4.09,30.15,26.05,20.75,87.94,6.2
2020,10,19,28.08,24.84,26.46,28.12,5.94,31.08,25.14,19.65,83.06,1.02
2020,10,20,27.71,25.4,26.56,28.04,6.4,31.53,25.13,20.32,87.69,5.45
2020,10,21,26.4,25.24,25.82,26.55,3.36,28.42,25.05,20.08,93.25,16.03
2020,10,22,25.65,24.87,25.26,25.81,2.42,27.15,24.73,19.65,95.31,69.63
2020,10,23,26.41,25.61,26.01,26.34,3.58,28.23,24.65,20.69,95.25,105.03
2020,10,24,26.65,25.08,25.87,26.74,4.44,29.29,24.85,19.96,91.25,4.24
2020,10,25,26.85,24.01,25.44,26.98,6.07,30.19,24.12,18.62,85,4.22
2020,10,26,26.91,23.96,25.44,26.94,6.63,30.1,23.47,18.55,84.44,0.37
2020,10,27,26.37,23.92,25.14,26.54,6.56,29.87,23.31,18.49,86.75,0
2020,10,28,25.98,23.29,24.63,26.13,7.77,29.92,22.15,17.82,85.62,0
2020,10,29,27.06,24.22,25.64,27.04,8.3,31.27,22.97,18.86,85.12,0.43
2020,10,30,27.87,25.43,26.65,27.61,7.22,31.19,23.98,20.32,86.94,3.93
2020,10,31,26.2,25.19,25.69,26.05,3.23,27.63,24.4,20.02,94.06,43.88
2020,11,1,25.78,23.84,24.81,25.86,4.08,28.05,23.98,18.37,89.31,25.95
2020,11,2,26.35,24.59,25.48,26.48,5.78,29.44,23.66,19.29,90.31,9.83
2020,11,3,26.9,24.77,25.84,27.05,5.19,29.83,24.64,19.47,88.5,5.54
2020,11,4,25.47,21.4,23.44,25.19,6.7,28.54,21.83,15.93,79.38,3.94
2020,11,5,23.45,17.58,20.51,22.82,9.98,29.08,19.1,12.45,71.38,0
2020,11,6,21.25,16.25,18.75,20.58,9.27,26.2,16.93,11.47,73.69,0
2020,11,7,21.85,17.13,19.49,21.08,11.95,27.69,15.74,12.08,76.44,0
2020,11,8,23.18,18.95,21.07,22.54,11.33,28.88,17.55,13.67,77.94,0
2020,11,9,24.44,20.89,22.66,23.89,9.45,29.16,19.72,15.32,81.69,0
2020,11,10,24.01,21.16,22.58,23.73,9.66,28.84,19.19,15.62,84.75,0
2020,11,11,23.9,21,22.45,23.8,9.45,28.92,19.48,15.44,84.5,0
2020,11,12,24.76,20.9,22.83,24.45,10.4,30.01,19.62,15.32,80.19,0
2020,11,13,24.94,22.13,23.54,24.82,9.06,29.79,20.73,16.54,85.12,0
2020,11,14,24.25,21.62,22.94,24.2,8.79,29.1,20.32,16.05,86.12,0
2020,11,15,23.31,20.56,21.94,23.4,9.2,28.19,19,15.01,85.25,0
2020,11,16,23.6,20.52,22.06,23.4,9.06,28.5,19.43,14.95,83.94,0
2020,11,17,23.58,20.38,21.98,23.29,7.81,27.55,19.73,14.83,83,0
2020,11,18,23.73,18.83,21.27,22.49,8.16,27.23,19.07,13.49,75.44,0
2020,11,19,22.82,18.52,20.67,22.3,8.48,26.71,18.23,13.24,77.25,0
2020,11,20,23.21,19.83,21.52,23.05,9.33,27.94,18.61,14.34,82.12,0.39
2020,11,21,23.41,20.51,21.96,23.26,7.91,27.48,19.57,15.01,84.19,8.31
2020,11,22,21.17,17.31,19.24,20.83,8.91,25.27,16.36,12.33,79.81,2.31
2020,11,23,18.24,14.15,16.2,17.93,10.51,23.73,13.23,10.01,78,0.22
2020,11,24,19.3,15.23,17.26,18.83,11.63,24.94,13.32,10.68,78.62,0
2020,11,25,20.3,17.45,18.87,19.94,10.85,25.77,14.92,12.33,84.19,0
2020,11,26,20.79,18.44,19.62,20.67,9.04,25.61,16.57,13.12,87,0
2020,11,27,21.11,18.43,19.76,20.81,9.59,26.23,16.64,13.12,85.12,0
2020,11,28,20.89,18.95,19.92,20.84,9.59,26.26,16.66,13.55,88.62,0
2020,11,29,20.73,18.58,19.66,20.93,10.7,26.84,16.15,13.24,88.19,0
2020,11,30,20.35,17.49,18.92,20.38,11.58,26.53,14.95,12.39,84.62,0
2020,12,1,20.93,17.94,19.43,20.69,11.08,26.81,15.73,12.76,83.88,0
2020,12,2,21.02,17.57,19.3,20.47,9.42,26.03,16.61,12.45,81.75,0
2020,12,3,21.33,17.26,19.3,20.3,8.4,25.83,17.43,12.21,78.38,0
2020,12,4,20.62,16.51,18.57,19.92,8.92,25.33,16.4,11.66,78.25,0
2020,12,5,20.59,16.16,18.37,19.22,8.02,24.85,16.83,11.35,76.38,0
2020,12,6,20.79,16.7,18.74,19.5,9.12,25.11,15.98,11.72,78.19,0
2020,12,7,20.1,17.31,18.71,19.46,9.16,24.91,15.76,12.21,84.69,0
2020,12,8,19.58,17.55,18.57,19.4,8.73,24.34,15.62,12.39,87.81,0
2020,12,9,19.55,16.75,18.15,18.76,7.57,23.65,16.08,11.78,84.38,0
2020,12,10,19.47,16.62,18.05,18.55,7.61,23.65,16.05,11.72,84.12,0
2020,12,11,18.82,16.43,17.62,18.5,8.14,23.12,14.98,11.54,86.31,0
2020,12,12,18.52,15.95,17.24,18.26,7.62,22.87,15.26,11.23,85.56,0
2020,12,13,19.24,16.4,17.82,18.62,8.54,23.74,15.2,11.54,84.31,0
2020,12,14,19.16,16.54,17.85,18.44,8.92,23.94,15.02,11.66,85.19,0
2020,12,15,18.31,16.01,17.16,18.45,9.14,23.6,14.46,11.23,87.19,0
2020,12,16,18.65,15.92,17.29,18.76,8.84,23.76,14.93,11.17,84.94,0
2020,12,17,18.47,15.92,17.19,18.3,9.59,23.53,13.94,11.17,85.81,0
2020,12,18,16.93,13.87,15.4,16.76,9.16,22.22,13.05,9.77,83,0
2020,12,19,14.39,10.87,12.62,14.52,10.37,20.21,9.84,8,80.69,0
2020,12,20,14.15,11.13,12.65,14.29,12.47,20.62,8.15,8.18,83.06,0
2020,12,21,16.25,12.94,14.59,15.61,11.81,22.08,10.27,9.22,81,0
2020,12,22,17.74,13.58,15.66,16.24,9.58,22.73,13.15,9.58,77.94,0
2020,12,23,17.51,13.75,15.63,16.28,10.4,22.73,12.33,9.7,79.5,2.26
2020,12,24,18.05,14.26,16.16,16.7,10.35,23.14,12.78,10.07,79.62,0
2020,12,25,17.59,15.19,16.4,17.2,10.07,23.22,13.15,10.68,86,0
2020,12,26,16.51,13.42,14.97,16.28,11.08,22.52,11.44,9.52,82.88,0
2020,12,27,15.84,12.12,13.98,15.26,11.46,21.91,10.46,8.73,80,0
2020,12,28,16.33,12.59,14.46,15.55,11.14,22.19,11.05,9.03,79.69,0
2020,12,29,16.27,12.99,14.63,15.47,10.58,21.94,11.36,9.28,81.94,0
2020,12,30,16.26,12.78,14.52,15.9,11.73,22.77,11.04,9.16,81.19,0
2020,12,31,16.89,14.17,15.53,16.55,11.74,22.98,11.23,10.01,84.12,0
2021,1,1,17.09,14.03,15.56,16.73,11.73,23.2,11.48,9.89,82.81,0
2021,1,2,17.12,14.18,15.65,16.93,11.52,23.05,11.52,10.01,83.25,0
2021,1,3,17.71,14.36,16.03,16.94,11.35,23.55,12.19,10.13,81.56,0
2021,1,4,18.67,14.8,16.74,17.4,10.91,24.46,13.55,10.44,79.31,0
2021,1,5,18.9,15.57,17.23,17.89,10.9,24.62,13.72,10.93,82,0.1
2021,1,6,19.82,16.23,18.03,18.87,11.65,25.9,14.25,11.41,80.88,0
2021,1,7,21.47,16.38,18.92,19.99,10.97,26.93,15.96,11.54,74.12,0
2021,1,8,20.53,16.18,18.35,19.48,10.63,26.08,15.45,11.41,77.19,0.05
2021,1,9,19.81,15.65,17.73,18.84,9.74,24.76,15.02,10.99,78,0
2021,1,10,20.41,16.25,18.33,19.33,9.52,24.86,15.33,11.47,77.75,0
2021,1,11,21.15,17.48,19.32,20.37,9,25.79,16.79,12.39,80.38,0
2021,1,12,19.26,16.2,17.73,19.23,8.95,24.31,15.37,11.41,83.19,0
2021,1,13,17.22,13.07,15.15,17.19,9.75,22.92,13.17,9.28,78.06,0
2021,1,14,15.92,11.07,13.5,15.9,11.2,21.79,10.58,8.18,73.94,0
2021,1,15,15.72,10.47,13.09,15.08,10.18,21.15,10.98,7.81,72.12,3.62
2021,1,16,15.92,10.72,13.32,15.12,11.38,21.83,10.45,8,72.38,0
2021,1,17,16,11.97,13.98,15.44,10.66,21.62,10.95,8.67,78.19,0
2021,1,18,16.84,13.16,15.01,16.22,11.05,22.72,11.65,9.34,80.12,0
2021,1,19,17.31,13.03,15.17,16.1,9.33,22.1,12.77,9.28,76.88,0
2021,1,20,18.33,16.5,17.41,18.15,8.72,23.05,14.33,11.66,89.56,1.12
2021,1,21,18.51,12.9,15.71,17.44,10.23,23.98,13.75,9.34,73,0.07
2021,1,22,16.29,10.8,13.54,15.89,11.87,22.8,10.93,8,71.62,0.44
2021,1,23,16.59,10.31,13.45,15.5,10.27,21.69,11.42,7.75,67.81,0
2021,1,24,17.51,11.29,14.4,16.1,11.67,23.17,11.51,8.3,67.94,0
2021,1,25,16.65,12.31,14.48,16.44,12.01,23.01,11.01,8.85,77.31,0
2021,1,26,16.49,11.58,14.04,16.31,12.28,23.23,10.95,8.42,74.69,0
2021,1,27,15.66,10.17,12.92,15.45,12.68,22.7,10.02,7.63,71.88,0
2021,1,28,15.52,9.55,12.54,15.22,14.35,23.04,8.69,7.39,69.81,0
2021,1,29,16.43,10.55,13.49,15.95,14.56,23.94,9.37,7.87,70.94,0
2021,1,30,16.3,9.78,13.04,15.95,12.25,23.18,10.94,7.45,67.06,0
2021,1,31,14.36,6.42,10.39,14.05,13.06,21.38,8.32,5.92,61.94,0
2021,2,1,14.65,7.19,10.92,14.16,13.19,22.16,8.98,6.23,63.06,0
2021,2,2,14.88,7.62,11.26,14.41,14.31,22.87,8.55,6.47,64.25,0
2021,2,3,16.35,9.59,12.98,15.99,15.45,24.84,9.39,7.39,66.5,0
2021,2,4,18.09,11.3,14.69,17.38,15.62,26.19,10.57,8.3,66.94,0
2021,2,5,19.42,11.6,15.51,18.1,13.97,26.4,12.44,8.42,63.56,0
2021,2,6,19.83,12.06,15.94,18.69,12.44,26.56,14.12,8.73,62.5,0
2021,2,7,18.05,12.28,15.16,18.04,11.61,24.96,13.35,8.79,71.69,0.09
2021,2,8,17.96,10.92,14.44,17.76,13.9,25.77,11.87,8.06,65.88,0
2021,2,9,18.08,10.2,14.14,17.73,15.52,26.66,11.15,7.69,63,0
2021,2,10,19.43,9.69,14.56,18.1,13.91,26.87,12.98,7.45,55.12,0
2021,2,11,20.35,9.83,15.09,18.44,12.52,26.67,14.15,7.51,52.69,0
2021,2,12,20.53,10.51,15.51,18.57,11.29,26.9,15.62,7.87,53.56,0
2021,2,13,20.63,10.94,15.79,18.95,11.62,27.24,15.62,8.12,55,0
2021,2,14,21.36,10.55,15.95,19.15,11.8,27.25,15.45,7.87,51.81,0
2021,2,15,21.78,11.8,16.79,19.87,11.99,27.75,15.76,8.61,55.62,0
2021,2,16,21.57,11.99,16.78,20.15,13.05,28.24,15.19,8.73,57.31,0
2021,2,17,21.37,11.71,16.54,20.71,14.11,28.62,14.51,8.54,55.88,0
2021,2,18,23.29,13.08,18.19,22.23,14.88,30.48,15.59,9.28,55.44,0
2021,2,19,23.51,13.92,18.72,22.43,10.35,28.45,18.1,9.83,56,0
2021,2,20,22.01,13.86,17.94,21.18,7.91,26.51,18.6,9.77,61.06,0
2021,2,21,22.38,11.39,16.89,21.62,13.94,29.79,15.86,8.3,52.06,0
2021,2,22,22.01,10.51,16.26,21.11,14.43,29.39,14.96,7.87,50.25,0
2021,2,23,22.83,10.97,16.9,21.54,13.79,30.15,16.36,8.12,48.94,0
2021,2,24,23.84,12.35,18.1,22.38,12.87,30.33,17.46,8.91,49.94,0
2021,2,25,24.24,14.79,19.51,23.21,13.23,31.38,18.15,10.56,60.5,0
2021,2,26,24.18,15.44,19.8,24.08,15.65,32.65,17.01,11.17,65.88,0
2021,2,27,24.98,16.9,20.94,24.85,13.7,32.65,18.95,12.39,66.88,0
2021,2,28,25.3,17.11,21.21,25.48,14.79,33.57,18.78,12.45,67,0
2021,3,1,26.14,18.78,22.46,26.42,13.8,33.88,20.08,13.61,69.38,0
2021,3,2,26.02,16.94,21.48,26.2,12.66,33.07,20.4,12.21,63.44,0
2021,3,3,25.5,16.22,20.86,25.7,12.83,32.52,19.69,11.6,61.5,0
2021,3,4,24.78,11.19,17.99,23.94,15.24,32.12,16.89,8.48,48.31,0
2021,3,5,25.12,17.2,21.16,25.55,14.86,32.71,17.85,12.39,66.5,0
2021,3,6,26.3,20.26,23.29,26.89,11.98,33.21,21.23,14.83,73.31,0.69
2021,3,7,26.01,18.95,22.48,26.76,12.2,32.94,20.74,13.79,70.88,1.37
2021,3,8,25.98,19.83,22.9,26.75,11.4,32.28,20.87,14.4,72.62,1.43
2021,3,9,26.88,19.7,23.3,27.45,13.82,34.5,20.68,14.34,69.75,0.81
2021,3,10,27.04,19.57,23.3,27.8,11.89,33.88,21.99,14.16,67.19,2.22
2021,3,11,27.38,19.72,23.55,28.08,12.11,33.54,21.43,14.28,66.88,0.52
2021,3,12,28.32,19.43,23.87,28.78,12.77,34.4,21.63,13.98,62.25,0.89
2021,3,13,27.82,18.03,22.92,28.37,11.96,34.22,22.25,12.82,57.88,1.67
2021,3,14,26.84,16.29,21.57,27.38,12.44,33.66,21.23,11.54,56,0.16
2021,3,15,26.41,15.1,20.76,26.72,13.08,32.95,19.87,10.68,52.75,1.06
2021,3,16,27.44,13.18,20.3,27.18,13.24,34.4,21.16,9.46,44.62,0
2021,3,17,27.84,10.67,19.26,26.72,13.44,34.52,21.08,8,36.94,0
2021,3,18,28.55,10.31,19.43,27.11,12.9,35.28,22.38,7.81,33.5,0
2021,3,19,28.39,14.4,21.4,28.17,14.58,35.38,20.8,10.31,47.25,0
2021,3,20,27.94,14.85,21.4,27.89,11.42,34.26,22.83,10.62,48.06,0
2021,3,21,29.58,16.29,22.93,29.8,14.13,36.58,22.45,11.6,48.38,0
2021,3,22,30.76,15.57,23.16,30.78,12.3,37.65,25.35,11.05,42.88,0
2021,3,23,30.36,14.54,22.44,30.02,14.19,37.69,23.5,10.31,40.62,0
2021,3,24,30.6,16.07,23.33,29.92,13.96,37.17,23.21,11.47,45.25,0
2021,3,25,30.44,13.7,22.07,30.28,13.19,37.49,24.3,10.01,40.5,0
2021,3,26,29.4,11.53,20.46,29,13.65,36.69,23.05,8.54,36.31,0
2021,3,27,29.62,11.6,20.61,29.19,13.95,36.76,22.81,8.54,35.44,0
2021,3,28,28.9,13.63,21.27,29.01,13.27,35.79,22.52,9.83,41.5,0
2021,3,29,29.92,18.73,24.33,30.76,13.75,37.08,23.33,13.61,55.44,0.09
2021,3,30,30.46,20.67,25.57,31.25,13.57,38.1,24.53,15.56,61.81,1.35
2021,3,31,30.72,22.16,26.44,31.25,14.03,39.18,25.14,17.09,67.06,1.43
2021,4,1,30,21.58,25.8,31.22,12.71,37.59,24.88,16.6,67.62,2.54
2021,4,2,29.78,20.44,25.12,31.11,11.97,36.62,24.65,15.32,63.31,0.11
2021,4,3,30.04,18.58,24.31,31.34,14.21,37.37,23.15,13.73,56.81,0.03
2021,4,4,29.72,16.8,23.26,30.36,12.75,36.3,23.55,11.96,49.06,0.73
2021,4,5,29.99,16.29,23.14,30.37,13.03,36.44,23.41,11.66,47.38,2.58
2021,4,6,29.48,16.69,23.08,29.86,15.67,36.9,21.23,12.08,51.75,3.32
2021,4,7,30.02,19.12,24.57,31.33,13.75,37.26,23.51,13.98,57.81,0
2021,4,8,30.24,20.59,25.41,31.73,13.54,37.17,23.64,15.26,61.38,0.09
2021,4,9,30.42,19.89,25.15,31.66,13.08,37.28,24.2,14.65,58.38,0.72
2021,4,10,30.85,18.82,24.83,31.75,13.25,37.58,24.33,13.55,50.94,1.26
2021,4,11,31.9,19.55,25.73,33.25,13.58,38.64,25.06,14.22,51.75,0.11
2021,4,12,32.63,19.29,25.96,33.9,12.51,39.54,27.03,13.98,48.62,0.02
2021,4,13,32.7,16.87,24.78,33.9,13.48,39.94,26.45,12.02,41.88,0.01
2021,4,14,32.01,17.89,24.95,33.57,14.55,39.67,25.12,13,48.06,0.01
2021,4,15,30.07,20.18,25.12,30.73,9.64,35.28,25.63,14.95,59.38,0.02
2021,4,16,29.48,17.95,23.72,30.01,9.88,35.59,25.71,13.06,53.88,0.65
2021,4,17,28.94,19.85,24.4,30.15,11.76,35.37,23.61,14.53,62.25,10.83
2021,4,18,29.48,20.47,24.97,30.52,11.52,35.63,24.12,15.08,61.88,14.24
2021,4,19,30.9,19.4,25.15,32.12,13.43,38.05,24.62,14.22,55.12,0.36
2021,4,20,31.1,19.73,25.41,32.56,14.96,39.03,24.07,14.77,58.62,0.51
2021,4,21,31.62,21.76,26.69,32.76,12.2,37.8,25.6,16.36,59.81,0.07
2021,4,22,31.56,20.51,26.04,32.97,12.22,38.23,26.01,15.26,56.5,4.46
2021,4,23,31.23,18.66,24.95,32.44,11.8,37.65,25.84,13.61,50.44,0.07
2021,4,24,31.68,14.07,22.87,32.39,14.66,39.27,24.61,10.07,37.44,0
2021,4,25,31.78,17.58,24.69,33.06,15.47,39.8,24.33,12.63,47.19,0
2021,4,26,32.9,18.87,25.88,34.3,13.91,40.02,26.11,13.79,48,0
2021,4,27,32.73,20.55,26.64,33.98,11.76,39.08,27.33,15.26,52.19,0
2021,4,28,31.93,21.06,26.5,33.34,11.63,38.48,26.85,15.69,56.38,0.03
2021,4,29,31.03,20.73,25.88,31.32,7.83,35.16,27.33,15.38,56.62,1.7
2021,4,30,31.49,19.72,25.61,32.27,11.02,37.31,26.3,14.4,52.06,2.99
2021,5,1,32.01,20.17,26.08,33.5,11.99,38.38,26.39,14.83,52.81,0.41
2021,5,2,31.79,20.53,26.16,33.3,11.7,37.79,26.08,15.14,54.62,1.51
2021,5,3,28.46,22.74,25.6,28.87,5.04,31.26,26.23,17.27,71.88,14.43
2021,5,4,27.26,22.24,24.75,27.52,5.28,30.08,24.79,16.72,74.81,27.31
2021,5,5,26.81,20.9,23.85,27.25,5.71,29.8,24.1,15.38,71,4.63
2021,5,6,28.84,20.4,24.62,29.8,11.01,34.29,23.28,14.89,62.06,2.21
2021,5,7,29.73,22.37,26.05,30.55,9.52,34.73,25.2,16.85,66.75,7.8
2021,5,8,29.72,22.1,25.91,30.9,9.22,34.17,24.95,16.6,66.06,4.98
2021,5,9,30.59,21.19,25.89,31.8,10.3,35.6,25.3,15.69,59.25,2.71
2021,5,10,29.96,22.76,26.37,30.94,9.14,34.82,25.68,17.33,67.62,12.98
2021,5,11,29.2,23.27,26.24,30.07,7.5,33.01,25.5,17.88,72.19,15.59
2021,5,12,29.08,22.96,26.01,30.3,7.09,32.8,25.71,17.58,71.5,8.71
2021,5,13,29.18,23.44,26.31,29.99,8.43,33.8,25.37,18.07,73.06,9.53
2021,5,14,29.8,23.44,26.62,30.76,9.52,34.87,25.36,18.13,71.31,10.07
2021,5,15,31.48,23.76,27.62,32.38,12.02,37.99,25.98,18.49,67.62,5.81
2021,5,16,31.06,24.72,27.89,31.37,8.87,35.59,26.73,19.53,71.5,25.07
2021,5,17,32.15,25.11,28.62,32.69,9.86,37.15,27.3,20.02,69.06,3.55
2021,5,18,31.62,25.73,28.67,32.23,9.13,36.68,27.55,20.75,72.94,9.86
2021,5,19,30.65,26.02,28.33,30.87,6.34,33.96,27.62,21.18,77.75,5.42
2021,5,20,30.98,26.19,28.58,31.18,6.2,34.11,27.9,21.36,76.81,3.22
2021,5,21,30.94,25.2,28.07,31.26,7.62,35.39,27.77,20.2,73.62,1.53
2021,5,22,31.83,25.23,28.53,32.59,9.35,36.9,27.55,20.2,70.38,0.13
2021,5,23,32.17,25.1,28.63,32.71,7.12,36.01,28.89,20.02,67.25,0.09
2021,5,24,29.86,25.61,27.73,30.31,5.12,32.88,27.76,20.63,78.5,7.78
2021,5,25,29.57,25.16,27.37,29.83,6.45,33.34,26.89,20.14,78.12,29.78
2021,5,26,28.3,24.15,26.23,28.46,5.84,31.47,25.62,18.98,78.75,13.97
2021,5,27,29.48,25.04,27.26,29.51,6.48,32.98,26.5,19.96,78.06,3.6
2021,5,28,30.65,25.88,28.26,31.05,7.6,34.94,27.33,20.94,77.38,3.69
2021,5,29,30.64,25.44,28.04,31.44,8.71,35.16,26.45,20.39,75.94,1.9
2021,5,30,30.65,25.59,28.12,31.35,7.71,34.64,26.93,20.57,75.88,2.57
2021,5,31,28.63,26.73,27.68,28.63,3.19,30.58,27.4,22.09,89.56,50.31
2021,6,1,28.9,26.8,27.85,28.9,4.3,31.3,27,22.09,88.69,22.24
2021,6,2,28.37,26.37,27.37,28.41,3.38,30.25,26.87,21.55,89.12,17.63
2021,6,3,29.46,26.62,28.04,29.6,5.77,32.62,26.85,21.85,85.44,5.57
2021,6,4,29.51,26.67,28.08,29.55,5.14,32.42,27.27,21.91,85.31,3.26
2021,6,5,29.17,27.26,28.22,29.07,3.8,31.43,27.62,22.71,89.62,23.56
2021,6,6,29.31,27.3,28.3,29.14,4.56,31.99,27.44,22.83,89.25,42.06
2021,6,7,29.01,27.05,28.03,28.84,4.38,31.62,27.24,22.46,89.38,31.33
2021,6,8,28.12,26.92,27.52,28.04,2.07,29.23,27.16,22.34,93.12,20.46
2021,6,9,28.04,25.91,26.98,27.93,3.4,30.08,26.68,21.06,88.44,19.07
2021,6,10,28.12,25.32,26.72,28.38,4.48,30.58,26.11,20.32,85.19,7.65
2021,6,11,27.28,26.07,26.68,27.33,2.8,28.73,25.93,21.3,93.06,18.09
2021,6,12,27.92,26.5,27.21,27.8,3.52,29.83,26.32,21.85,92,14.93
2021,6,13,28.9,26.38,27.64,29.03,5.7,32.11,26.41,21.67,86.81,4.56
2021,6,14,29.1,26.82,27.96,29.2,4.76,32,27.24,22.28,87.94,8.44
2021,6,15,28.55,26.72,27.63,28.73,3.98,31.03,27.05,22.22,90,18.65
2021,6,16,28.12,26.17,27.15,28.39,3.91,30.1,26.2,21.42,89.44,6.88
2021,6,17,27.39,25.17,26.28,27.75,5.37,30.32,24.95,20.14,88,16.59
2021,6,18,27.51,25.37,26.44,27.95,5.98,30.72,24.73,20.32,88.56,34.14
2021,6,19,27.35,25.23,26.29,27.66,4.51,30.1,25.58,20.14,88.56,36.04
2021,6,20,27.16,25.45,26.3,27.29,3.11,28.87,25.76,20.45,90.5,17.92
2021,6,21,27.69,25.94,26.81,27.83,4.83,30.28,25.45,21.06,90.38,25.28
2021,6,22,27.76,25.48,26.62,27.98,5.41,30.57,25.16,20.45,87.81,4.26
2021,6,23,28.09,25.6,26.85,28.42,6.94,31.82,24.88,20.63,86.94,4.87
2021,6,24,28.48,26.2,27.34,28.83,6.45,32.01,25.56,21.36,88,3.99
2021,6,25,28.18,25.77,26.98,28.58,5.58,31.23,25.65,20.81,87.31,3.98
2021,6,26,28.46,26.29,27.37,28.78,5.79,31.8,26,21.48,88.44,7.6
2021,6,27,28.72,26.44,27.58,29.05,5.58,31.84,26.26,21.61,88,2.5
2021,6,28,28.45,26.48,27.47,28.57,4.59,31.01,26.43,21.67,89.38,5.93
2021,6,29,28.53,26.85,27.69,28.52,4.3,30.98,26.69,22.22,90.81,12.99
2021,6,30,28.98,27.17,28.08,28.92,4.36,31.53,27.17,22.71,90.19,41.95
2021,7,1,28.4,26.94,27.67,28.43,3.93,30.52,26.59,22.4,91.75,51.59
2021,7,2,27.69,25.91,26.8,27.65,3.91,29.99,26.08,21.06,90.12,34.2
2021,7,3,28.33,26.71,27.51,28.36,4.43,31.05,26.62,22.03,91.06,22.22
2021,7,4,29.01,26.3,27.65,29.44,6.39,32.65,26.26,21.48,86,19.28
2021,7,5,28.96,27.06,28.01,29.2,5.69,32.12,26.44,22.52,89.75,3.48
2021,7,6,29.05,27.09,28.07,29.2,4.62,31.77,27.15,22.58,89.5,22.23
2021,7,7,28.72,27.22,27.97,28.75,3.77,31.03,27.26,22.71,91.69,16.87
2021,7,8,28.61,26.75,27.68,28.84,4.98,31.47,26.48,22.09,89.94,11.93
2021,7,9,28.68,26.28,27.48,29.04,5.84,31.87,26.03,21.48,87.31,1.33
2021,7,10,28.7,26.26,27.48,28.97,5.46,31.66,26.2,21.48,87.12,2.99
2021,7,11,29.05,26.55,27.8,29.16,5.65,32.13,26.49,21.79,86.94,11.03
2021,7,12,29.01,25.83,27.42,29.26,6.21,32.8,26.58,20.87,83.81,5.16
2021,7,13,28.12,26.33,27.23,28.29,4.64,30.87,26.24,21.48,90.19,5.76
2021,7,14,28.51,26.05,27.28,28.68,5.27,31.51,26.24,21.12,87.06,3.3
2021,7,15,28.96,26.04,27.5,29.05,5.51,31.65,26.14,21.12,84.81,1.67
2021,7,16,28.44,25.72,27.08,28.72,4.16,30.67,26.51,20.69,85.56,11.33
2021,7,17,28.73,26.61,27.67,28.93,4.05,30.96,26.9,21.85,88.5,8.06
2021,7,18,27.97,26,26.98,28.26,2.9,29.49,26.59,21.12,89.25,9.24
2021,7,19,27.82,26.19,27,27.85,2.65,29.46,26.81,21.36,90.94,18.87
2021,7,20,29.02,26.19,27.61,29.3,5.62,32.08,26.47,21.42,85.38,20.52
2021,7,21,28.94,26.13,27.54,29.19,5.21,31.49,26.29,21.36,85.19,6.97
2021,7,22,28.83,26.39,27.61,29.07,5.84,32.21,26.37,21.73,87.12,12.75
2021,7,23,28.15,26.68,27.41,28.15,3.45,30.1,26.65,22.09,91.75,10.76
2021,7,24,28.67,27.11,27.89,28.73,4.06,31.08,27.01,22.64,91.38,35.51
2021,7,25,28.8,26.92,27.86,28.89,4.92,31.55,26.63,22.4,89.88,8.27
2021,7,26,29.84,27.33,28.58,30.05,5.69,32.99,27.3,23.01,86.94,3.24
2021,7,27,29.62,27.88,28.76,29.69,4.04,31.94,27.9,23.86,90.44,15.34
2021,7,28,28.63,27.55,28.09,28.61,3.24,30.46,27.23,23.44,93.81,14.85
2021,7,29,27.63,26.36,26.99,27.55,2.38,29.06,26.69,21.79,92.69,29.18
2021,7,30,28.25,26.53,27.39,28.14,4.38,31.01,26.64,21.91,90.56,21.24
2021,7,31,28.3,26.51,27.4,28.33,4.65,31.19,26.55,21.79,90.31,13.59
2021,8,1,27.87,26.41,27.14,27.93,3.51,29.86,26.34,21.73,91.88,21.6
2021,8,2,28.1,26.33,27.22,28.34,4.51,30.76,26.26,21.61,90.38,4.62
2021,8,3,28.83,26.49,27.66,29.19,6,32.28,26.28,21.79,87.69,12.76
2021,8,4,28.56,26.45,27.51,28.77,5.72,31.99,26.26,21.73,88.75,10.75
2021,8,5,29.59,26.51,28.05,29.87,7.26,33.16,25.9,21.91,84.19,11.55
2021,8,6,28.17,27.25,27.71,28.1,2.45,29.55,27.11,22.89,94.62,46.28
2021,8,7,28.54,26.9,27.72,28.45,3.7,30.69,27,22.34,91,34.69
2021,8,8,28.87,27.13,28.01,28.99,4.85,31.72,26.87,22.58,90.56,9.45
2021,8,9,29.08,27.03,28.05,29.33,5.87,32.14,26.27,22.46,89.06,9.49
2021,8,10,28.97,27.4,28.19,29.05,4.38,31.41,27.04,22.95,91.38,9.28
2021,8,11,29.06,27.39,28.23,29.17,4.08,31.44,27.37,22.95,90.88,5.69
2021,8,12,28.5,26.97,27.73,28.43,2.51,30.19,27.69,22.34,91.5,18.22
2021,8,13,28.1,25.76,26.94,28.09,3.42,30.11,26.69,20.81,87.5,31.42
2021,8,14,29.02,26.9,27.96,29.12,5.4,32.05,26.65,22.34,88.75,13.71
2021,8,15,28.3,26.78,27.54,28.37,4.33,30.9,26.58,22.16,91.62,18.58
2021,8,16,28.35,26.44,27.4,28.58,5.97,31.8,25.83,21.67,89.69,7.32
2021,8,17,28.16,26.54,27.35,28.41,4.6,31.1,26.5,21.73,91.12,15.24
2021,8,18,27.62,26.65,27.13,27.62,3.09,29.46,26.37,21.91,94.38,17.26
2021,8,19,27.33,26.12,26.73,27.3,2.84,28.86,26.01,21.24,93.06,9.57
2021,8,20,27.75,26.06,26.9,27.83,4.85,30.58,25.72,21.12,90.75,3.69
2021,8,21,28.01,25.76,26.88,28.39,5.89,31.34,25.45,20.69,88,0.93
2021,8,22,28.5,26,27.25,28.65,5.71,31.55,25.84,21.06,86.88,4.52
2021,8,23,28.86,26.8,27.83,28.98,5.78,31.86,26.07,22.09,89,7.43
2021,8,24,28.41,26.9,27.65,28.44,3.72,30.79,27.06,22.28,91.62,11.26
2021,8,25,28.16,26.58,27.37,28.24,3.37,30.4,27.04,21.91,91.25,15.67
2021,8,26,28.34,26.57,27.46,28.44,4.62,31.05,26.43,21.91,90.38,2.96
2021,8,27,27.4,26.08,26.74,27.41,3.3,29.48,26.16,21.24,92.5,18.96
2021,8,28,27.65,26.01,26.83,27.78,4.23,29.92,25.69,21.12,91.06,4.73
2021,8,29,27.33,25.91,26.62,27.37,3.96,29.49,25.53,21,92.06,3.26
2021,8,30,27.08,25.75,26.41,27.15,3.38,28.96,25.58,20.69,92.5,9.08
2021,8,31,28.15,25.99,27.07,28.47,6.26,31.58,25.33,21,88.5,3.01
2021,9,1,27.55,25.58,26.56,27.56,3.35,29.22,25.87,20.51,89.12,4.84
2021,9,2,26.93,25.5,26.21,26.94,3.53,28.62,25.08,20.45,91.88,14.28
2021,9,3,28.12,24.39,26.26,28.37,8.46,32.08,23.62,19.17,80.94,1.75
2021,9,4,28.96,25.54,27.25,29.37,7.82,32.91,25.1,20.57,82.69,3.35
2021,9,5,28.91,26.35,27.63,29.11,5.59,31.65,26.08,21.55,86.5,17.97
2021,9,6,28.08,26.37,27.23,28.23,3.89,30.3,26.41,21.55,90.56,13.54
2021,9,7,27.71,26.03,26.87,27.84,4.89,30.67,25.78,21.06,90.75,7.91
2021,9,8,27.91,25.69,26.8,28.29,5.79,30.91,25.12,20.63,88.19,2.45
2021,9,9,28.7,25.62,27.16,28.38,4.19,30.62,26.44,20.63,83.81,3.19
2021,9,10,28.15,26.29,27.22,28.15,5.21,30.76,25.55,21.48,89.75,4.57
2021,9,11,28.27,25.99,27.13,28.36,5.58,31.28,25.7,21.12,87.81,11.46
2021,9,12,27.99,26.15,27.07,28.07,5.62,31.47,25.84,21.36,89.94,1.35
2021,9,13,27.65,26.12,26.89,27.64,4.39,30.25,25.85,21.3,91.44,2.41
2021,9,14,27.41,26.19,26.8,27.37,3.24,29.35,26.11,21.3,93.06,9.87
2021,9,15,28.34,26.11,27.23,28.54,6.35,31.63,25.28,21.18,88.12,10.4
2021,9,16,27.62,25.92,26.76,27.75,4.27,30.04,25.77,21,90.69,9.07
2021,9,17,27.97,25.86,26.91,28.37,5.67,31.29,25.62,20.94,88.81,8.88
2021,9,18,27,25.57,26.28,27.11,3.09,28.61,25.52,20.51,91.94,16.1
2021,9,19,27.3,25.43,26.37,27.45,3.75,29.51,25.76,20.32,89.75,38.59
2021,9,20,26.7,25.54,26.12,26.87,3.61,28.91,25.3,20.45,93.31,10.31
2021,9,21,26.78,25.37,26.08,26.89,3.68,29.01,25.33,20.26,92.06,2
2021,9,22,26.55,24.88,25.72,26.77,4.07,28.98,24.91,19.71,90.75,4.79
2021,9,23,28.21,24.97,26.58,28.35,7.6,32.14,24.55,19.78,83.5,1.81
2021,9,24,28.58,25.52,27.05,28.57,6.73,32.16,25.44,20.45,84.19,0.38
2021,9,25,28.46,25.69,27.08,28.54,5.61,31.56,25.95,20.69,85.25,15.72
2021,9,26,28.77,25.88,27.33,28.83,6.41,31.89,25.48,20.94,84.81,13.23
2021,9,27,28.05,26.08,27.07,28.08,4.94,31.08,26.13,21.18,89.25,12.63
2021,9,28,26.81,25.53,26.17,27.01,3.23,28.58,25.36,20.45,92.75,13.87
2021,9,29,26.92,25.23,26.07,27.12,4.34,29.52,25.19,20.02,90.69,8.97
2021,9,30,27.74,25.09,26.42,27.73,4.82,30.52,25.7,19.9,86,11.05
2021,10,1,28.52,22.29,25.4,28.38,9.16,33.15,23.98,16.85,71.38,0.69
2021,10,2,28.05,25.33,26.69,28.26,6.12,31.08,24.95,20.2,85.5,2.18
2021,10,3,28.01,26.16,27.08,28.17,5.16,30.83,25.66,21.24,90.06,4.38
2021,10,4,27.36,26.2,26.78,27.38,3.04,29.15,26.12,21.3,93.44,8.93
2021,10,5,27.91,24.75,26.33,27.63,4.36,30.12,25.76,19.53,83.56,13.94
2021,10,6,28.01,24.08,26.05,27.93,5.86,30.86,24.99,18.74,79.56,14.01
2021,10,7,28.59,24.7,26.65,28.57,6.98,32.36,25.37,19.53,80,4.66
2021,10,8,28.54,25.26,26.9,28.79,6.17,31.65,25.48,20.2,83.12,10.3
2021,10,9,28.72,25.26,26.99,28.93,6.31,31.96,25.65,20.14,82.25,2.53
2021,10,10,28.8,25.66,27.23,28.8,5.7,31.98,26.27,20.63,83.62,2.09
2021,10,11,28.27,25.81,27.05,28.49,7.16,32.09,24.94,20.87,87.06,0.06
2021,10,12,27.8,26.27,27.03,27.79,4.2,29.97,25.76,21.48,91.5,4.62
2021,10,13,28.28,26.12,27.19,27.96,4.28,30.4,26.12,21.24,88.31,9.82
2021,10,14,28.51,25.59,27.05,28.2,5.49,31.22,25.73,20.57,84.5,4.29
2021,10,15,28.88,26.12,27.5,28.58,6.25,32.09,25.84,21.3,85.31,2.82
2021,10,16,28,26.31,27.15,27.78,3.23,29.78,26.55,21.48,90.5,4
2021,10,17,27.71,25.73,26.72,27.61,3.98,30.06,26.08,20.69,89.12,13.64
2021,10,18,26.29,25.27,25.78,26.32,3.08,28.07,24.99,20.08,94.06,40.63
2021,10,19,26.61,25.47,26.04,26.55,2.61,28.26,25.65,20.26,93.44,29.74
2021,10,20,27.09,25.55,26.32,27.19,4.71,29.87,25.16,20.39,91.44,21.07
2021,10,21,26.18,23.52,24.85,26.15,6.86,29.23,22.37,18.13,85.88,3.21
2021,10,22,24.55,20.12,22.33,24.4,7.44,28.47,21.03,14.65,77.31,3.5
2021,10,23,24.82,20.23,22.52,24.39,8.16,28.43,20.26,14.71,76.38,0.14
2021,10,24,25.87,20.33,23.1,25.1,7.7,29.36,21.66,14.83,72,0.05
2021,10,25,25.3,20.52,22.91,24.75,7.02,28.65,21.64,15.01,75.31,1.08
2021,10,26,25.29,20.51,22.9,24.69,7.08,28.78,21.7,15.01,75.12,0.31
2021,10,27,24.64,21.76,23.2,24.48,6.64,27.64,21,16.17,84.19,1.67
2021,10,28,25.58,22.64,24.12,25.5,6.14,28.67,22.53,17.09,84.12,0.2
2021,10,29,25.62,22.91,24.26,25.76,7.35,29.69,22.34,17.33,85.44,0
2021,10,30,24.98,22.37,23.67,25.23,7.09,28.81,21.73,16.78,85.94,0
2021,10,31,23.95,20.91,22.44,23.9,7.22,28.08,20.87,15.38,83.75,0
2021,11,1,22.57,18.78,20.67,22.48,8.7,27.12,18.41,13.43,79.94,0
2021,11,2,22.33,17.8,20.07,21.78,8.61,26.06,17.45,12.63,76.25,0
2021,11,3,23.01,19.3,21.15,22.64,8.61,27.09,18.48,13.92,80.06,0
2021,11,4,23.28,19.32,21.3,22.92,9.7,27.97,18.27,13.92,79.44,0
2021,11,5,22.01,18.61,20.31,21.94,8.53,26.62,18.08,13.31,81.81,0
2021,11,6,21.55,17.72,19.63,21.19,10.49,26.66,16.17,12.57,79.94,0
2021,11,7,21.15,18.04,19.59,20.95,9.67,26.18,16.5,12.82,83.06,0
2021,11,8,20.93,17.87,19.4,20.93,10.35,26.31,15.96,12.7,83.44,0
2021,11,9,21.17,18.03,19.6,21.37,11.12,27.07,15.95,12.82,83.12,0
2021,11,10,21.69,18.19,19.94,21.59,9.7,26.72,17.01,12.94,81.31,0
2021,11,11,22.46,18.59,20.52,21.9,8.93,26.5,17.57,13.31,79.69,0
2021,11,12,23.39,20.02,21.71,23.12,8.02,27.44,19.41,14.59,81.75,0
2021,11,13,23.09,21.15,22.12,23.26,4.8,25.8,21,15.56,88.94,1.26
2021,11,14,23.65,21.62,22.64,23.95,6.49,26.96,20.47,16.05,88.75,7.6
2021,11,15,23.13,21.36,22.25,23.47,4.27,25.47,21.19,15.81,89.94,10.06
2021,11,16,22.64,20.79,21.71,23.02,6.3,26.26,19.96,15.26,89.56,4.88
2021,11,17,21.62,18.81,20.22,21.76,9.97,27.52,17.55,13.49,85,1.14
2021,11,18,21.18,16.74,18.96,20.59,11.52,27.27,15.76,11.84,77.62,0
2021,11,19,21.67,17.64,19.65,20.9,9.59,26.37,16.79,12.51,78.75,0
2021,11,20,21.91,18.63,20.27,21.41,9.09,26.32,17.23,13.37,82.19,0
2021,11,21,23.05,19.58,21.32,22.35,8.21,26.86,18.65,14.16,81.25,0
2021,11,22,23.8,19.34,21.57,22.77,8.63,28.12,19.49,13.92,77,0
2021,11,23,23.19,19.92,21.55,22.74,8.12,27.47,19.35,14.47,82.38,0
2021,11,24,21.76,19.22,20.49,21.79,7.58,26.26,18.69,13.85,86.06,0
2021,11,25,20.4,15.42,17.91,19.94,10.84,26.44,15.61,10.86,74.75,0
2021,11,26,19.2,14.51,16.86,18.56,10.51,24.86,14.35,10.25,75.12,0
2021,11,27,19.12,14.34,16.73,18.38,12.1,25.43,13.33,10.13,75.31,0
2021,11,28,19.01,14.19,16.6,18,11.62,25.11,13.49,10.01,74.5,0
2021,11,29,18.33,14.71,16.52,17.9,11.74,24.51,12.76,10.38,80.5,0
2021,11,30,19.73,15.9,17.82,19,12.47,25.82,13.35,11.23,79.75,0
2021,12,1,21.17,17.41,19.3,20.13,11.39,26.93,15.54,12.33,80.06,0
2021,12,2,21.97,17.5,19.73,21.05,11.91,27.76,15.85,12.39,77,0
2021,12,3,22.23,18.41,20.33,21.68,10.99,26.93,15.94,13.12,79.44,0.06
2021,12,4,22.48,20.68,21.58,22.4,6.09,25.47,19.38,15.14,89.75,1.69
2021,12,5,22.18,21.15,21.66,22.23,3.47,24.2,20.73,15.56,94.06,41.24
2021,12,6,22.89,21.89,22.39,22.7,4.8,25.76,20.97,16.36,94.25,50.98
2021,12,7,22.64,21.16,21.9,22.74,4.94,25.32,20.38,15.62,91.62,10.48
2021,12,8,21.52,19.65,20.59,21.73,7.44,25.52,18.09,14.16,89.5,0.51
2021,12,9,21.65,18.86,20.25,21.67,9.34,26.95,17.6,13.43,84.62,0.4
2021,12,10,20.15,17.8,18.98,20.14,6.12,23.87,17.76,12.57,86.75,0.3
2021,12,11,19.08,16.17,17.62,18.85,9.41,24.33,14.91,11.35,84.12,0
2021,12,12,17.33,13.67,15.5,17.11,9.84,23.18,13.33,9.64,79.81,0
2021,12,13,16.57,13.55,15.06,16.31,11.76,22.6,10.84,9.7,83.69,0.04
2021,12,14,16.99,14.59,15.8,16.94,10.73,22.92,12.19,10.38,86.81,0.05
2021,12,15,16.8,14.15,15.48,16.94,10.47,22.44,11.98,10.13,85.5,0.12
2021,12,16,16.55,13.83,15.19,16.65,10.91,22.4,11.49,9.77,85,0
2021,12,17,16.47,13.65,15.05,16.4,11.41,22.85,11.43,9.77,84.62,0.05
2021,12,18,17.12,13.27,15.19,16.76,11.82,23.77,11.95,9.4,79.38,0
2021,12,19,16.02,13.5,14.76,15.98,9.9,21.83,11.93,9.64,86,0.07
2021,12,20,14.41,11.56,12.98,14.76,12.05,20.96,8.91,8.42,84.19,0
2021,12,21,16.08,13.01,14.55,16.28,12.7,22.32,9.62,9.4,83.44,0.06
2021,12,22,17.63,14.18,15.9,16.9,7.24,21.48,14.23,10.01,80.75,0.14
2021,12,23,18.23,13.67,15.95,16.65,9.18,23.44,14.26,9.64,75.25,0
2021,12,24,17.91,14.68,16.3,17.1,10.23,23.39,13.16,10.38,82.5,0.01
2021,12,25,18.41,13.75,16.08,17.34,10.52,23.52,13.01,9.7,76.06,0
2021,12,26,18.01,14.08,16.05,17.23,10.5,23.54,13.05,9.89,78.69,0
2021,12,27,17.85,14.27,16.06,17.3,9.7,23,13.3,10.01,80.19,0
2021,12,28,17.88,14.8,16.33,17.34,9.76,22.94,13.18,10.38,82.88,0
2021,12,29,18.01,14.26,16.13,17.84,10.7,23.83,13.12,10.01,80.44,0
2021,12,30,17.65,15.13,16.39,17.69,12.07,24.9,12.83,10.68,87.12,0.09
2021,12,31,17.08,14.56,15.82,17.14,10.9,23.13,12.24,10.25,86.38,0.04
2022,1,1,16.73,13.9,15.32,16.55,10.53,22.48,11.95,9.83,84.62,0.03
2022,1,2,16.33,13.48,14.9,16.31,10.9,22.43,11.53,9.64,84.75,0.11
2022,1,3,16.84,13.88,15.37,16.81,11.55,23.01,11.45,9.89,84.12,0.11
2022,1,4,16.15,12.86,14.51,16.08,11.32,22.53,11.21,9.22,82.25,0.06
2022,1,5,16.09,12.12,14.11,15.52,12.81,22.71,9.9,8.73,78.88,0
2022,1,6,16.91,12.75,14.83,16.47,13.06,23.81,10.75,9.16,78.56,0
2022,1,7,17.82,14.12,15.98,17.4,12.2,24.3,12.09,9.95,80.5,0
2022,1,8,18.23,14.75,16.49,17.94,12.54,25.08,12.54,10.38,81.62,0
2022,1,9,18.47,15.27,16.87,18.08,11.52,24.51,13,10.86,82.94,0.07
2022,1,10,18.89,15.89,17.39,18.46,11.34,24.74,13.4,11.29,83.88,0.02
2022,1,11,18.53,16.04,17.28,18.45,8.98,23.8,14.83,11.29,86.44,0.05
2022,1,12,18.56,16.03,17.3,18.33,7.98,22.76,14.78,11.29,86,1.05
2022,1,13,18.76,16.18,17.47,18.89,8.43,23.33,14.9,11.35,85.81,0.25
2022,1,14,17.34,13.51,15.42,17.29,7.22,21.19,13.98,9.52,79.19,2.45
2022,1,15,17.22,13.4,15.31,17.25,10.41,22.76,12.36,9.46,79.75,0.04
2022,1,16,16.89,13.48,15.18,17.06,10.88,22.96,12.08,9.52,81.88,0.03
2022,1,17,16.97,12.87,14.92,17.05,13.2,24.15,10.96,9.16,79.06,0.03
2022,1,18,16.93,13.27,15.1,16.78,12.46,23.67,11.21,9.52,80.88,0.06
2022,1,19,17.55,13.98,15.76,17.39,9.97,23.19,13.22,9.89,80.88,0.01
2022,1,20,17.05,13.91,15.48,17.13,9.1,22.48,13.38,9.83,82.94,0.06
2022,1,21,17.87,11.83,14.85,16.88,10.59,22.94,12.37,8.54,70,0.01
2022,1,22,18.53,11.84,15.19,17.07,10.31,23.19,12.87,8.54,66.06,0.04
2022,1,23,18.62,13.19,15.9,18.23,11.71,24.65,12.94,9.4,71.94,0.01
2022,1,24,18.44,15.23,16.83,18.66,8.4,22.73,14.33,10.74,82.38,2.67
2022,1,25,19.48,15.73,17.6,19.25,7.3,23.34,16.04,11.05,79.75,3.56
2022,1,26,18.58,14.84,16.71,18.61,9.49,23.67,14.19,10.44,80.25,0.22
2022,1,27,17.03,13.33,15.19,17.55,9.42,22.44,13.01,9.46,80.44,0.07
2022,1,28,14.81,10.06,12.44,15.34,11.1,20.9,9.8,7.57,75.88,0
2022,1,29,14.37,9.85,12.11,14.79,12.05,20.64,8.6,7.57,76.75,0.01
2022,1,30,15.58,10.78,13.18,15.54,11.77,21.52,9.75,8.06,75.44,0.03
2022,1,31,16.8,10.87,13.83,16.12,12.66,23.03,10.37,8.06,70.12,0
2022,2,1,17.77,14.26,16.02,17.55,12.17,24.26,12.09,10.19,81.5,0.05
2022,2,2,19.33,12.82,16.08,18.26,11.28,25.04,13.76,9.22,69.56,0
2022,2,3,18.69,13.51,16.1,18.3,12.82,25.4,12.58,9.64,72.94,0
2022,2,4,19.09,14.76,16.93,18.9,11.73,25.36,13.63,10.38,77.88,9.29
2022,2,5,17.4,13.16,15.28,17.57,10.14,22.45,12.31,9.46,78.81,23.89
2022,2,6,15.5,10.79,13.14,15.79,11.41,21.66,10.26,8,76.25,0
2022,2,7,15.76,10.8,13.29,15.96,12.63,22.34,9.71,8,74.81,0
2022,2,8,17.14,11.01,14.08,16.51,12.39,23.14,10.75,8.12,69.5,0
2022,2,9,18.65,11.87,15.26,17.55,12.31,24.44,12.12,8.54,66.62,0
2022,2,10,19.26,13.81,16.54,18.87,12.23,25.27,13.04,9.83,71.94,0.03
2022,2,11,18.67,14.52,16.59,18.81,10.23,24.26,14.02,10.25,78.75,0.42
2022,2,12,17.22,11.17,14.19,17.07,10.98,23.52,12.55,8.18,70.5,0
2022,2,13,17.6,11.83,14.72,17.68,13.76,25.39,11.63,8.61,71.75,0
2022,2,14,17.65,11.58,14.61,17.79,14.48,25.54,11.05,8.48,71.38,0
2022,2,15,17.96,10.42,14.19,17.74,14.42,25.58,11.17,7.81,65.44,0
2022,2,16,18.04,10.19,14.12,17.61,13.7,25.23,11.53,7.69,63.38,0
2022,2,17,18.39,10.7,14.55,17.67,13.84,25.31,11.48,8,62.88,0
2022,2,18,18.79,11.28,15.03,18.15,13.1,25.73,12.63,8.3,64.69,0
2022,2,19,19.39,11.07,15.23,18.54,13.02,26.51,13.48,8.18,60.88,0
2022,2,20,19.99,13.44,16.71,19.67,13.04,26.44,13.4,9.64,68.38,3.1
2022,2,21,20.16,14.05,17.11,20.26,11.28,26.09,14.81,9.95,70.88,0.22
2022,2,22,21.15,13.78,17.47,21.12,11.88,26.91,15.04,9.7,64.25,0.02
