YEAR,MO,DY,QV2M,RH2M,PRECTOTCORR,T2M,T2MDEW,T2MWET,TS,T2M_RANGE,T2M_MAX,T2M_MIN
2020,2,24,18.37,85.5,2.13,26.47,23.87,25.16,26.33,1.58,27.32,25.74
2020,2,25,17.21,79.5,1.01,26.62,22.77,24.69,26.36,1.43,27.44,26.01
2020,2,26,17.52,82.12,1.07,26.4,23.12,24.76,26.42,1.38,27.01,25.64
2020,2,27,17.46,81,0.97,26.52,23.01,24.77,26.58,1.41,27.33,25.9
2020,2,28,17.64,82.44,1.26,26.44,23.21,24.83,26.53,1.6,27.32,25.71
2020,2,29,17.27,80.12,0.36,26.53,22.84,24.69,26.55,1.62,27.4,25.79
2020,3,1,16.72,76.94,0.15,26.69,22.31,24.5,26.76,1.41,27.47,26.05
2020,3,2,16.91,78.06,0.14,26.64,22.51,24.58,26.8,1.76,27.68,25.91
2020,3,3,17.58,79.75,0.94,26.9,23.12,25.01,26.86,1.63,27.75,26.12
2020,3,4,17.15,78.62,0.28,26.69,22.69,24.69,26.9,1.39,27.48,26.09
2020,3,5,18.19,82.19,0.17,26.95,23.67,25.31,27.05,1.61,27.86,26.25
2020,3,6,19.23,85.81,0.88,27.18,24.61,25.89,27.09,1.66,28.07,26.42
2020,3,7,19.1,88.12,3.41,26.62,24.51,25.56,27.05,0.37,26.83,26.47
2020,3,8,19.17,86.81,0.82,26.91,24.55,25.73,27.28,0.8,27.33,26.53
2020,3,9,18.8,82.94,0.04,27.32,24.17,25.75,27.44,0.92,27.73,26.81
2020,3,10,17.94,79.5,0.01,27.3,23.46,25.38,27.55,0.63,27.65,27.01
2020,3,11,18.13,79.94,0,27.42,23.65,25.54,27.61,1.18,28.09,26.92
2020,3,12,17.7,77.94,0.02,27.44,23.26,25.36,27.58,1.05,27.94,26.89
2020,3,13,17.09,74.62,0.02,27.58,22.67,25.13,27.58,0.86,27.92,27.05
2020,3,14,18.07,78.94,0.07,27.55,23.58,25.57,27.75,1.09,28.06,26.98
2020,3,15,17.64,76.25,0.2,27.77,23.21,25.49,27.93,1.41,28.53,27.12
2020,3,16,18.19,81.62,4.26,27.11,23.72,25.41,27.87,1.25,27.77,26.53
2020,3,17,18.49,82.44,11.31,27.21,23.97,25.58,27.65,1.04,27.79,26.75
2020,3,18,18.01,80,1.4,27.27,23.53,25.4,27.58,1.78,28.26,26.48
2020,3,19,17.94,79.38,0.86,27.37,23.49,25.43,27.77,1.49,28.14,26.65
2020,3,20,18.55,80.75,0.21,27.61,24.01,25.81,27.91,1.47,28.38,26.92
2020,3,21,18.8,80.81,0.08,27.86,24.27,26.06,28.02,1.59,28.76,27.18
2020,3,22,18.74,80.44,1.39,27.83,24.17,26,28.14,1.16,28.48,27.33
2020,3,23,17.88,77,0.07,27.76,23.37,25.57,28.2,1.33,28.47,27.14
2020,3,24,17.94,78.44,0.21,27.52,23.44,25.48,28.31,1.85,28.47,26.62
2020,3,25,17.15,74.88,0.39,27.56,22.69,25.13,28.3,1.94,28.58,26.65
2020,3,26,17.09,73.44,0.65,27.85,22.66,25.26,28.37,2.3,28.96,26.66
2020,3,27,17.94,75.5,0.17,28.19,23.46,25.83,28.5,1.89,29.16,27.28
2020,3,28,18.55,78.75,0.68,28.01,23.98,25.99,28.58,1.65,28.87,27.22
2020,3,29,18.07,76.69,0.14,28.05,23.58,25.81,28.62,1.59,29.01,27.42
2020,3,30,18.25,77.69,0.64,27.97,23.72,25.84,28.66,1.42,28.69,27.27
2020,3,31,18.62,79.81,2.24,27.83,24.04,25.94,28.65,1.45,28.57,27.12
2020,4,1,19.35,82.12,53.58,28.01,24.69,26.35,28.62,1.25,28.78,27.53
2020,4,2,18.68,77.62,0.04,28.44,24.15,26.29,28.62,1.68,29.3,27.62
2020,4,3,18.92,79.69,1.05,28.17,24.33,26.26,28.58,1.92,29.17,27.25
2020,4,4,18.31,77.56,1.36,28.12,23.8,25.96,28.52,1.84,29.12,27.29
2020,4,5,17.7,76.12,0,27.85,23.27,25.56,28.55,1.78,28.83,27.05
2020,4,6,17.33,75.56,0.17,27.62,22.9,25.26,28.55,1.23,28.33,27.09
2020,4,7,17.52,76.44,0.14,27.58,23.06,25.32,28.54,1.15,27.99,26.84
2020,4,8,18.01,76.94,0.09,27.88,23.48,25.68,28.74,1.21,28.71,27.49
2020,4,9,17.46,73.75,0.19,28.15,23,25.57,28.85,1.31,28.98,27.67
2020,4,10,18.62,77.38,0.27,28.4,24.06,26.23,28.93,1.54,29.26,27.72
2020,4,11,18.43,78.12,0.71,28.06,23.9,25.98,29.01,0.91,28.57,27.66
2020,4,12,18.49,76.75,0.52,28.37,23.91,26.14,29.18,1.05,28.84,27.8
2020,4,13,18.62,76.69,1.04,28.5,24.02,26.26,29.19,0.61,28.86,28.25
2020,4,14,19.17,79.06,9.75,28.51,24.53,26.51,29.08,1.09,29.05,27.96
2020,4,15,18.62,77.62,8.15,28.38,24.09,26.23,29.08,1.23,28.92,27.69
2020,4,16,18.86,77.56,0.53,28.58,24.27,26.42,29.21,0.85,29.06,28.21
2020,4,17,19.96,81.19,0.33,28.77,25.23,27,29.32,1.84,29.61,27.76
2020,4,18,20.26,81.94,1.05,28.87,25.49,27.18,29.3,0.91,29.44,28.53
2020,4,19,18.98,76.25,0.65,28.97,24.37,26.67,29.33,1.2,29.56,28.37
2020,4,20,19.71,79.56,4.14,28.89,24.99,26.94,29.42,1.8,29.9,28.09
2020,4,21,20.32,80.62,0.54,29.15,25.49,27.32,29.59,1.49,29.88,28.39
2020,4,22,19.84,78.5,0.54,29.19,25.05,27.12,29.6,1.3,29.96,28.65
2020,4,23,19.84,78.19,0.07,29.3,25.1,27.2,29.71,2.09,30.42,28.33
2020,4,24,20.14,80.12,0.31,29.11,25.34,27.23,29.58,2.19,30.26,28.07
2020,4,25,19.71,76.44,0.42,29.58,25.01,27.3,29.5,1.3,30.36,29.06
2020,4,26,19.71,77.62,0.73,29.33,25.01,27.17,29.67,2.01,30.42,28.4
2020,4,27,19.53,76.06,0.92,29.5,24.82,27.15,29.66,2,30.66,28.66
2020,4,28,19.47,77,4.78,29.23,24.8,27.02,29.66,1.64,30.1,28.46
2020,4,29,19.84,79.31,4.27,29.02,25.08,27.05,29.74,1.96,30.14,28.18
2020,4,30,19.9,78.44,0.08,29.26,25.13,27.19,29.84,1.28,29.96,28.68
2020,5,1,18.92,74.81,1.75,29.23,24.3,26.76,29.86,1.56,30.05,28.48
2020,5,2,19.47,77,3.79,29.14,24.71,26.93,29.82,2.23,30.17,27.94
2020,5,3,21.06,81.75,4.1,29.47,26.04,27.76,29.8,1.43,30.17,28.74
2020,5,4,21.61,83.5,1.89,29.58,26.51,28.05,29.87,1.57,30.49,28.93
2020,5,5,21,81.06,0.82,29.6,25.99,27.8,30.05,1.03,30.15,29.12
2020,5,6,21.42,81.44,0.93,29.83,26.33,28.08,30.23,0.65,30.12,29.47
2020,5,7,21.18,80.5,0.36,29.86,26.15,28.01,30.41,1.21,30.58,29.37
2020,5,8,20.69,78,0.01,30.01,25.73,27.87,30.63,1.81,30.94,29.14
2020,5,9,20.2,75.56,0,30.15,25.35,27.76,30.74,1.82,31.18,29.36
2020,5,10,18.98,71.88,0.02,30.01,24.3,27.15,30.82,1.87,30.99,29.12
2020,5,11,20.08,74.69,1.45,30.23,25.23,27.73,30.86,1.27,30.83,29.56
2020,5,12,20.2,76.5,4,29.96,25.38,27.67,30.76,0.91,30.35,29.45
2020,5,13,20.39,74.88,0.42,30.44,25.49,27.97,30.83,1.07,30.93,29.86
2020,5,14,21.12,78.06,10.11,30.33,26.1,28.22,30.77,1.37,31.05,29.69
2020,5,15,22.03,84.44,17.9,29.61,26.73,28.17,30.56,0.71,30.01,29.3
2020,5,16,21.55,82.88,36.25,29.62,26.43,28.02,30.34,0.51,29.83,29.33
2020,5,17,20.32,78.19,1.19,29.62,25.4,27.51,30.28,0.95,30.15,29.2
2020,5,18,20.2,76.44,0.28,29.93,25.33,27.63,30.28,0.25,30.05,29.81
2020,5,19,20.39,78.12,0.98,29.7,25.51,27.6,30.28,0.62,30,29.37
2020,5,20,21,79.19,2.66,30,26.02,28.01,30.61,0.4,30.23,29.83
2020,5,21,20.75,77.75,0.78,30.12,25.82,27.97,30.8,0.34,30.24,29.9
2020,5,22,20.57,76.38,2.25,30.29,25.68,27.98,30.77,0.4,30.48,30.08
2020,5,23,20.02,75.69,6.39,30.02,25.24,27.63,30.65,1.54,30.69,29.15
2020,5,24,19.96,73.62,0.87,30.44,25.21,27.83,30.66,1.67,31.2,29.53
2020,5,25,20.45,77.94,0.46,29.88,25.62,27.75,30.65,0.84,30.32,29.48
2020,5,26,19.59,71.88,0.36,30.55,24.91,27.73,30.83,0.89,30.97,30.08
2020,5,27,19.9,73.69,0.14,30.37,25.15,27.76,30.9,0.69,30.7,30.01
2020,5,28,20.26,75.44,4.85,30.26,25.44,27.85,30.65,0.32,30.38,30.06
2020,5,29,20.26,78.75,10.87,29.53,25.46,27.49,30.73,0.8,29.89,29.08
2020,5,30,19.71,75.75,1.9,29.73,25.01,27.37,30.98,0.65,30.15,29.51
2020,5,31,20.14,77.94,7.42,29.62,25.39,27.51,30.9,0.86,30.24,29.38
2020,6,1,20.08,78.12,20.31,29.5,25.3,27.4,30.78,0.59,29.83,29.23
2020,6,2,19.35,75.06,2.84,29.58,24.69,27.14,30.68,1.14,30.11,28.97
2020,6,3,18.49,68.5,0.42,30.34,23.91,27.13,31.01,0.99,30.77,29.77
2020,6,4,19.47,72.56,0.33,30.24,24.77,27.51,31.23,0.4,30.46,30.06
2020,6,5,19.71,74.62,0.29,29.98,24.95,27.47,31.18,0.63,30.2,29.58
2020,6,6,19.29,71.81,0.33,30.25,24.61,27.43,31.09,0.26,30.4,30.15
2020,6,7,19.84,74.75,21.27,29.98,25.02,27.5,30.97,0.51,30.17,29.66
2020,6,8,20.32,79.62,36.58,29.33,25.45,27.39,30.77,0.74,29.84,29.1
2020,6,9,19.65,73.38,30.76,30.18,24.9,27.54,30.84,1.14,30.84,29.7
2020,6,10,20.69,78.25,65.57,29.91,25.74,27.83,30.8,0.91,30.44,29.53
2020,6,11,21.18,85,50.58,28.85,26.1,27.48,30.7,1.3,29.33,28.02
2020,6,12,19.84,81.38,15.15,28.48,25.01,26.74,30.68,0.7,28.8,28.1
2020,6,13,20.45,83.31,1.93,28.65,25.56,27.11,30.61,1.05,29.12,28.06
2020,6,14,19.96,78.75,8.96,29.25,25.19,27.22,30.55,1.97,29.99,28.01
2020,6,15,19.17,75.5,5.07,29.32,24.55,26.94,30.44,0.58,29.64,29.07
2020,6,16,19.41,77.56,30.92,29.01,24.7,26.86,30.47,0.4,29.19,28.79
2020,6,17,19.47,76.81,51.55,29.23,24.73,26.98,30.5,1.59,30.03,28.44
2020,6,18,20.81,79.25,18.86,29.82,25.84,27.83,30.46,0.76,30.17,29.41
2020,6,19,20.26,80.31,11.61,29.16,25.44,27.3,30.42,1.2,29.83,28.62
2020,6,20,19.78,80.19,5.31,28.75,25.02,26.89,30.43,0.52,29.1,28.59
2020,6,21,19.84,79.75,0.46,28.87,25.04,26.96,30.48,0.84,29.28,28.44
2020,6,22,20.45,79.44,0.88,29.44,25.53,27.49,30.54,1.1,30.06,28.96
2020,6,23,20.39,77.06,0.39,29.94,25.51,27.73,30.69,0.47,30.23,29.75
2020,6,24,20.45,78,2.06,29.8,25.57,27.69,30.63,0.42,30.05,29.63
2020,6,25,19.9,77.06,11.45,29.53,25.1,27.32,30.48,0.49,29.83,29.33
2020,6,26,19.59,77.88,28.62,29.08,24.83,26.96,30.29,0.48,29.26,28.78
2020,6,27,19.96,81.38,15.4,28.65,25.16,26.9,30.1,1.21,29.14,27.93
2020,6,28,20.32,84.38,23.86,28.35,25.48,26.91,30.23,0.88,28.76,27.88
2020,6,29,19.59,81.81,3.5,28.25,24.86,26.55,30.37,1.45,28.97,27.51
2020,6,30,18.98,74.69,3.75,29.3,24.35,26.83,30.43,2.02,30.34,28.33
2020,7,1,19.41,76,2.02,29.37,24.7,27.03,30.43,1.2,29.91,28.71
2020,7,2,19.59,77.31,1.89,29.19,24.83,27.01,30.4,0.77,29.65,28.88
2020,7,3,19.71,78.44,7.08,29.08,24.97,27.03,30.36,0.77,29.44,28.66
2020,7,4,19.04,78.25,13.88,28.55,24.42,26.48,30.31,0.8,29.13,28.33
2020,7,5,19.17,78.06,0.59,28.69,24.49,26.58,30.37,1.16,29.12,27.96
2020,7,6,19.53,77.25,7.57,29.21,24.83,27.02,30.48,0.78,29.53,28.74
2020,7,7,20.57,80,8.03,29.51,25.71,27.61,30.51,0.96,30.07,29.11
2020,7,8,20.2,78.81,4.04,29.38,25.33,27.36,30.61,0.79,29.8,29.01
2020,7,9,20.2,79.38,5.13,29.24,25.31,27.28,30.52,0.77,29.67,28.9
2020,7,10,19.78,77.25,1.77,29.39,25.01,27.2,30.5,0.61,29.62,29.01
2020,7,11,19.23,77.81,2.37,28.81,24.57,26.69,30.42,0.89,29.23,28.33
2020,7,12,18.86,74.31,2.75,29.24,24.2,26.72,30.38,1.05,29.71,28.66
2020,7,13,18.31,71.06,2.28,29.52,23.73,26.63,30.28,0.87,30.07,29.2
2020,7,14,19.71,77,0.67,29.37,24.94,27.15,30.49,0.52,29.58,29.07
2020,7,15,20.02,78.31,16.57,29.33,25.19,27.26,30.52,0.32,29.45,29.13
2020,7,16,20.32,81.44,26.8,28.95,25.48,27.22,30.51,0.82,29.49,28.67
2020,7,17,19.78,78.44,2.86,29.15,25.03,27.08,30.62,0.73,29.55,28.83
2020,7,18,19.78,75.69,6.64,29.73,24.99,27.37,30.53,0.98,30.4,29.41
2020,7,19,19.78,80.81,30.43,28.59,25,26.8,30.33,1.22,29.56,28.33
2020,7,20,19.1,77.69,24.36,28.74,24.44,26.59,30.31,2.16,29.87,27.71
2020,7,21,20.32,80.06,23.61,29.23,25.45,27.33,30.24,0.97,29.88,28.9
2020,7,22,19.65,78.31,8.85,29.02,24.89,26.95,30.54,0.7,29.5,28.81
2020,7,23,20.02,77.75,1.19,29.5,25.23,27.37,30.69,0.36,29.67,29.31
2020,7,24,20.26,81.75,1.95,28.82,25.4,27.11,30.59,0.8,29.31,28.51
2020,7,25,19.71,78.25,3.9,29.14,24.96,27.05,30.63,1.28,29.62,28.33
2020,7,26,19.47,76.38,11.54,29.33,24.77,27.05,30.59,0.41,29.5,29.08
2020,7,27,19.35,76.5,15.82,29.15,24.62,26.88,30.44,0.8,29.55,28.75
2020,7,28,19.53,79.44,56.29,28.69,24.8,26.75,30.27,1.43,29.44,28.01
2020,7,29,19.59,82.81,46.39,27.98,24.8,26.39,30.07,1.08,28.48,27.4
2020,7,30,20.57,84.75,11.64,28.37,25.58,26.98,29.91,1.54,28.91,27.37
2020,7,31,21.06,85.88,8.46,28.59,26.02,27.31,29.78,1.11,29.08,27.98
2020,8,1,19.84,84.12,4.51,27.97,25.05,26.51,29.65,0.53,28.26,27.73
2020,8,2,18.8,77.5,1.22,28.48,24.18,26.33,29.63,1.14,29.09,27.95
2020,8,3,19.04,75.62,1.03,29.12,24.4,26.76,29.69,0.67,29.44,28.77
2020,8,4,19.9,80.44,13.57,28.8,25.12,26.96,29.64,1.15,29.33,28.17
2020,8,5,20.45,82.19,7.33,28.87,25.55,27.21,29.69,0.52,29.12,28.59
2020,8,6,19.9,80.62,31.12,28.74,25.1,26.92,29.67,0.65,28.98,28.33
2020,8,7,20.2,84.44,13.27,28.17,25.3,26.73,29.64,1.09,28.73,27.63
2020,8,8,20.75,84.69,30.15,28.61,25.8,27.21,29.58,1.64,29.33,27.69
2020,8,9,20.75,84.5,19.51,28.65,25.79,27.22,29.58,0.99,29.23,28.24
2020,8,10,20.14,80.94,4.83,28.93,25.33,27.13,29.59,1.43,29.7,28.26
2020,8,11,19.29,76.56,2.84,29.14,24.62,26.88,29.56,0.78,29.45,28.66
2020,8,12,20.08,83,6.86,28.46,25.31,26.89,29.48,1.03,29.15,28.11
2020,8,13,17.94,74.88,10.93,28.33,23.43,25.88,29.47,0.72,28.63,27.9
2020,8,14,17.58,73.06,7.53,28.34,23.06,25.7,29.38,0.97,28.84,27.87
2020,8,15,18.98,81.06,3.65,27.83,24.31,26.07,29.35,0.61,28.23,27.62
2020,8,16,18.86,78.88,3.25,28.21,24.21,26.21,29.48,1.06,28.8,27.74
2020,8,17,19.71,83.06,1.89,28.05,24.91,26.48,29.42,1.37,28.65,27.29
2020,8,18,19.84,83.06,8.58,28.16,25.04,26.6,29.32,0.56,28.43,27.87
2020,8,19,19.41,81.12,21.88,28.21,24.69,26.44,29.28,1.25,28.75,27.5
2020,8,20,19.41,82.44,20.26,27.95,24.7,26.33,29.47,0.84,28.45,27.62
2020,8,21,19.53,77.88,0.54,29.07,24.8,26.94,29.9,2.12,30.23,28.11
2020,8,22,20.02,79.5,1.79,29.13,25.23,27.18,29.97,1.03,29.67,28.64
2020,8,23,18.43,71.5,0.38,29.54,23.83,26.69,29.94,1.63,30.4,28.77
2020,8,24,19.04,73.75,0.12,29.64,24.38,27.01,30.14,2.6,31.01,28.4
2020,8,25,19.65,74.19,0.06,30.02,24.89,27.45,30.39,2.7,31.55,28.85
2020,8,26,20.02,76.06,0.12,29.9,25.22,27.56,30.3,1.91,31.02,29.12
2020,8,27,19.84,76.56,0.27,29.57,25.01,27.3,30.21,1.33,30.45,29.12
2020,8,28,18.98,72.69,0.75,29.72,24.29,27,30.21,1.8,30.73,28.94
2020,8,29,19.53,75.88,0.75,29.45,24.74,27.09,30.01,1.99,30.55,28.55
2020,8,30,19.53,77.38,5.55,29.08,24.73,26.91,29.87,2.16,30.32,28.16
2020,8,31,18.62,72.88,1.91,29.38,23.98,26.68,29.81,2.53,30.95,28.42
2020,9,1,19.35,74.81,0.11,29.58,24.64,27.11,29.83,2.29,31.01,28.72
2020,9,2,19.53,75.38,0.09,29.62,24.8,27.21,29.83,1.77,30.59,28.82
2020,9,3,19.84,78.19,0.27,29.27,25.09,27.19,30.1,0.93,29.67,28.74
2020,9,4,19.59,76.88,0.12,29.3,24.84,27.07,30.36,0.55,29.62,29.07
2020,9,5,19.65,74,0.1,30.03,24.87,27.45,30.38,1.52,30.83,29.31
2020,9,6,19.59,74,2.96,29.94,24.81,27.37,30.33,1.5,30.83,29.34
2020,9,7,19.53,74.94,2.33,29.68,24.77,27.23,30.26,0.98,30.02,29.05
2020,9,8,19.9,76.56,4.79,29.7,25.15,27.43,30.12,0.62,30.13,29.51
2020,9,9,20.2,79.62,9.13,29.23,25.37,27.3,30.05,1.06,29.97,28.9
2020,9,10,19.47,78,5.69,28.94,24.73,26.83,30.02,0.53,29.3,28.77
2020,9,11,18.98,76.94,7.16,28.73,24.3,26.52,29.96,0.91,29.2,28.3
2020,9,12,18.68,75.75,12.39,28.79,24.1,26.44,29.82,0.61,29.09,28.48
2020,9,13,19.65,77.69,2.93,29.2,24.92,27.06,29.75,0.84,29.67,28.83
2020,9,14,20.45,80.88,10.49,29.15,25.55,27.35,29.68,0.91,29.59,28.69
2020,9,15,19.41,82.31,43.86,27.94,24.66,26.3,29.63,1.58,28.91,27.33
2020,9,16,20.2,86.44,37.66,27.78,25.33,26.55,29.56,1.93,28.47,26.53
2020,9,17,20.87,87.25,47.99,28.22,25.92,27.07,29.53,0.38,28.34,27.96
2020,9,18,19.1,84.44,4.76,27.32,24.48,25.9,29.46,0.91,27.83,26.93
2020,9,19,19.41,79.88,1.37,28.51,24.72,26.62,29.5,1.99,29.44,27.44
2020,9,20,20.39,80.69,4.48,29.15,25.51,27.33,29.48,1.23,29.84,28.61
2020,9,21,19.96,78.44,6.05,29.25,25.12,27.19,29.49,1.18,29.87,28.68
2020,9,22,19.59,78.56,1.68,28.93,24.83,26.88,29.61,0.65,29.21,28.56
2020,9,23,20.02,80.75,6.81,28.84,25.22,27.03,29.63,0.6,29.23,28.63
2020,9,24,19.78,79.12,7.04,28.98,24.98,26.98,29.59,0.92,29.56,28.64
2020,9,25,19.1,76.06,2.29,29.06,24.41,26.74,29.61,1.16,29.66,28.5
2020,9,26,20.2,81.25,1.17,28.89,25.37,27.13,29.65,1.02,29.44,28.43
2020,9,27,19.96,78.19,4.33,29.33,25.16,27.25,29.8,0.87,29.7,28.84
2020,9,28,19.59,77.62,5.13,29.14,24.85,26.99,29.84,0.54,29.42,28.87
2020,9,29,19.35,80.88,1.46,28.22,24.62,26.42,29.73,1.99,29.08,27.08
2020,9,30,18.55,73.69,1.08,29.06,23.9,26.48,29.91,1.47,29.66,28.19
2020,10,1,20.26,78.94,10.19,29.37,25.35,27.36,29.95,0.85,29.68,28.83
2020,10,2,19.9,79.31,11.21,29.01,25.07,27.04,29.99,0.57,29.24,28.66
2020,10,3,19.78,78.62,4.82,29.07,24.99,27.03,30.02,1.12,29.52,28.4
2020,10,4,19.84,78.19,12.62,29.19,25.01,27.1,29.99,0.62,29.52,28.9
2020,10,5,20.57,80.5,9.03,29.33,25.64,27.48,29.98,0.7,29.77,29.07
2020,10,6,20.57,81.19,33.61,29.19,25.65,27.41,29.91,0.62,29.41,28.8
2020,10,7,20.2,82.06,25.19,28.7,25.37,27.03,29.83,0.35,28.89,28.54
2020,10,8,19.23,79.5,46.29,28.37,24.51,26.44,29.75,1.16,28.92,27.76
2020,10,9,18.19,77.12,65.48,27.98,23.61,25.8,29.71,1.05,28.48,27.43
2020,10,10,18.37,78.81,25.56,27.78,23.76,25.77,29.62,1.48,28.62,27.14
2020,10,11,19.96,85.44,8.71,27.75,25.11,26.43,29.51,1.35,28.33,26.98
2020,10,12,19.29,81.75,11.95,27.95,24.54,26.24,29.44,0.54,28.26,27.73
2020,10,13,19.71,79.38,20.85,28.84,24.92,26.88,29.4,1.86,29.98,28.11
2020,10,14,20.94,84.44,288.03,28.78,25.91,27.35,29.35,0.61,29.06,28.45
2020,10,15,20.2,86.25,144.05,27.83,25.34,26.58,29.27,1.37,28.48,27.11
2020,10,16,19.53,84.19,12.4,27.71,24.8,26.26,29.41,0.92,28.02,27.1
2020,10,17,18.98,80.38,5.41,27.99,24.32,26.15,29.51,1.98,28.98,27
2020,10,18,20.63,82.94,6.55,28.87,25.69,27.28,29.44,0.91,29.37,28.46
2020,10,19,21.12,84.25,25.88,29,26.08,27.54,29.4,1.27,29.72,28.45
2020,10,20,21,87,17.01,28.31,25.96,27.13,29.28,0.64,28.58,27.94
2020,10,21,20.69,83.75,9.61,28.71,25.69,27.2,29.37,1.32,29.44,28.11
2020,10,22,21.36,85.5,16.67,28.94,26.27,27.6,29.33,0.79,29.4,28.61
2020,10,23,21.42,87.19,13.36,28.63,26.31,27.48,29.42,1.01,29.08,28.08
2020,10,24,20.69,87.5,16.27,27.98,25.74,26.87,29.42,0.88,28.55,27.66
2020,10,25,21.24,87.94,66.17,28.32,26.15,27.24,29.29,0.86,28.68,27.82
2020,10,26,20.81,86.94,102.16,28.12,25.76,26.94,29.14,0.27,28.26,28
2020,10,27,20.14,84,14.1,28.24,25.3,26.77,29.02,0.41,28.45,28.05
2020,10,28,19.23,80.5,5.56,28.26,24.6,26.43,29.04,0.96,28.62,27.65
2020,10,29,19.65,81.19,4.25,28.47,24.94,26.71,28.96,0.98,29.02,28.05
2020,10,30,20.87,84.88,6.86,28.72,25.93,27.32,28.83,1.41,29.5,28.08
2020,10,31,20.02,81.75,3.68,28.6,25.19,26.9,28.75,1.2,29.25,28.06
2020,11,1,19.78,86.19,44.65,27.4,24.91,26.16,28.65,1.09,27.9,26.8
2020,11,2,20.81,87,6.12,28.2,25.85,27.03,28.72,0.48,28.36,27.88
2020,11,3,20.39,84.25,9.34,28.41,25.52,26.97,28.75,0.59,28.74,28.15
2020,11,4,19.1,81.12,18.99,27.99,24.47,26.23,28.78,0.49,28.29,27.8
2020,11,5,19.47,81.94,22.5,28.17,24.8,26.49,28.78,1.07,28.62,27.56
2020,11,6,19.35,80.69,2.18,28.3,24.69,26.49,28.75,1.23,28.97,27.73
2020,11,7,20.08,83.94,19.8,28.26,25.31,26.79,28.63,1.45,28.86,27.4
2020,11,8,21.24,87.44,18.05,28.42,26.15,27.28,28.62,0.63,28.67,28.04
2020,11,9,19.78,82.88,8.72,28.17,25,26.58,28.64,0.3,28.28,27.98
2020,11,10,20.57,86.19,12.96,28.18,25.67,26.93,28.61,0.42,28.41,27.99
2020,11,11,20.32,85.25,48.9,28.1,25.41,26.76,28.52,1.12,28.8,27.68
2020,11,12,21.12,88.12,35.6,28.21,26.09,27.15,28.48,0.6,28.46,27.85
2020,11,13,20.26,84.19,7.88,28.34,25.44,26.89,28.6,0.42,28.58,28.15
2020,11,14,20.57,84.88,2.71,28.44,25.67,27.05,28.7,1.09,29.01,27.92
2020,11,15,20.02,82.44,4.7,28.55,25.26,26.9,28.63,0.91,29.08,28.16
2020,11,16,20.08,83,2.44,28.41,25.26,26.84,28.71,1.23,29.08,27.85
2020,11,17,19.78,81.94,2.26,28.41,25.05,26.73,28.79,1.05,29.03,27.98
2020,11,18,19.84,83.31,2.4,28.15,25.07,26.61,28.78,0.8,28.66,27.87
2020,11,19,20.08,83.25,1.79,28.37,25.27,26.83,28.87,1.52,29.2,27.69
2020,11,20,19.9,83.06,1.97,28.26,25.14,26.7,28.87,1.02,28.83,27.81
2020,11,21,19.53,80.06,5.22,28.59,24.81,26.7,28.79,1.2,29.19,28
2020,11,22,17.76,73,1.9,28.59,23.29,25.94,28.77,1,29.15,28.15
2020,11,23,18.55,77.5,4.72,28.28,23.98,26.13,28.69,0.87,28.67,27.8
2020,11,24,18.62,77.75,2.16,28.3,24.06,26.18,28.57,1.02,28.87,27.85
2020,11,25,17.64,74.06,1.08,28.23,23.16,25.69,28.44,1.38,28.98,27.6
2020,11,26,19.53,81.62,3.7,28.21,24.78,26.5,28.45,1.1,28.89,27.79
2020,11,27,20.94,87.75,4.47,28.2,26,27.1,28.45,0.55,28.45,27.9
2020,11,28,20.63,86.06,5.14,28.25,25.72,26.98,28.47,0.96,28.8,27.84
2020,11,29,20.14,84.19,8.87,28.24,25.33,26.79,28.38,1.26,29.04,27.78
2020,11,30,19.23,82.25,7.05,27.84,24.55,26.19,28.31,1.3,28.46,27.15
2020,12,1,19.29,85.19,1.38,27.26,24.58,25.92,28.16,1.37,28.11,26.74
2020,12,2,20.45,89.75,3.47,27.34,25.54,26.44,28.08,0.77,27.64,26.87
2020,12,3,19.78,84.31,11.52,27.86,24.96,26.4,28.11,0.78,28.27,27.49
2020,12,4,19.65,85.62,11.72,27.51,24.91,26.21,28.03,0.45,27.7,27.25
2020,12,5,20.08,87.38,8.14,27.54,25.28,26.41,28.1,0.69,27.92,27.23
2020,12,6,20.57,87.88,5.65,27.86,25.68,26.76,28.12,0.66,28.27,27.6
2020,12,7,21.12,89.06,8.47,28.06,26.11,27.08,28.16,0.96,28.46,27.5
2020,12,8,20.94,88.31,26.08,28.06,25.98,27.01,28.23,0.7,28.44,27.74
2020,12,9,19.9,84.56,20,27.97,25.14,26.55,28.17,0.48,28.22,27.73
2020,12,10,19.84,84.56,18.94,27.88,25.06,26.47,28.27,0.91,28.44,27.52
2020,12,11,20.14,85.25,5.28,28.03,25.33,26.68,28.39,0.96,28.57,27.6
2020,12,12,20.32,85.5,4.95,28.1,25.47,26.78,28.47,0.76,28.52,27.76
2020,12,13,19.84,82.62,3.07,28.26,25.05,26.65,28.62,1.27,29.02,27.76
2020,12,14,19.71,83.44,1.72,28.04,24.98,26.51,28.53,1.25,28.69,27.44
2020,12,15,19.35,81,5.39,28.26,24.7,26.48,28.41,0.96,28.82,27.86
2020,12,16,18.92,79.38,3.05,28.2,24.31,26.26,28.42,1.02,28.85,27.83
2020,12,17,19.53,82.62,6.37,28.03,24.81,26.42,28.33,0.64,28.43,27.79
2020,12,18,19.47,82.38,10.09,28.01,24.73,26.37,28.18,0.77,28.48,27.71
2020,12,19,19.65,85.5,15.86,27.55,24.91,26.23,28.11,2.26,28.05,25.8
2020,12,20,19.84,87.44,6.15,27.34,25.08,26.22,28.15,1.84,27.94,26.09
2020,12,21,19.59,83.19,1.46,27.98,24.87,26.43,28.2,1.02,28.61,27.59
2020,12,22,19.29,82.69,2.95,27.8,24.6,26.19,28.24,0.97,28.4,27.44
2020,12,23,19.84,82.75,1.48,28.27,25.07,26.67,28.31,0.85,28.69,27.84
2020,12,24,19.04,80.81,1.28,28,24.4,26.2,28.32,0.96,28.47,27.51
2020,12,25,19.47,82,0.5,28.11,24.76,26.44,28.27,1.19,28.84,27.65
2020,12,26,20.63,88.19,13.4,27.81,25.69,26.75,28.09,0.83,28.28,27.45
2020,12,27,19.1,85.25,16.3,27.08,24.4,25.74,28.05,1.05,27.7,26.65
2020,12,28,19.84,88,1.76,27.18,25.05,26.11,28.15,1.45,27.74,26.3
2020,12,29,19.65,85.31,0.24,27.58,24.91,26.25,28.34,1.09,28.32,27.23
2020,12,30,20.02,84.94,14.66,27.99,25.24,26.62,28.3,1.08,28.58,27.5
2020,12,31,18.92,86,33.26,26.8,24.28,25.54,28.05,1.81,27.77,25.95
2021,1,1,18.07,83.81,42.52,26.49,23.55,25.02,27.9,0.76,26.83,26.06
2021,1,2,19.23,85.69,10.09,27.17,24.58,25.87,27.84,1.52,27.98,26.44
2021,1,3,20.39,87.81,14.01,27.73,25.54,26.63,27.81,0.9,28.05,27.15
2021,1,4,19.84,85.25,2.75,27.76,25.08,26.42,27.86,0.97,28.32,27.35
2021,1,5,19.23,82.06,4.46,27.91,24.56,26.24,27.83,1.26,28.64,27.38
2021,1,6,18.62,80.56,0.89,27.66,24.02,25.84,27.59,0.82,28.07,27.25
2021,1,7,19.35,84.69,1.09,27.46,24.67,26.07,27.68,1.05,28.1,27.06
2021,1,8,18.98,84.94,1.91,27.09,24.34,25.72,27.62,1.24,27.62,26.38
2021,1,9,17.82,84.88,7.1,26.02,23.3,24.65,27.42,0.87,26.52,25.65
2021,1,10,16.85,81.31,2.6,25.87,22.43,24.15,27.31,0.77,26.3,25.54
2021,1,11,16.85,80.88,0.62,25.96,22.44,24.19,27.23,0.92,26.43,25.51
2021,1,12,16.24,77.88,0.9,25.98,21.84,23.9,27.13,0.87,26.47,25.6
2021,1,13,17.27,80.38,0.92,26.44,22.8,24.62,27.29,1.01,26.96,25.95
2021,1,14,18.68,85.31,4.49,26.72,24.07,25.39,27.34,1.18,27.35,26.17
2021,1,15,19.1,85.94,4.23,26.96,24.43,25.69,27.21,1.3,27.81,26.5
2021,1,16,18.13,84.44,5.21,26.37,23.55,24.96,26.98,0.44,26.66,26.23
2021,1,17,19.1,86.81,15.17,26.76,24.4,25.58,26.98,1.29,27.49,26.2
2021,1,18,18.86,85.38,2.69,26.88,24.23,25.55,26.94,1.12,27.46,26.33
2021,1,19,19.29,89.06,6.08,26.5,24.57,25.54,26.87,0.59,26.79,26.21
2021,1,20,19.78,91.06,9.82,26.56,25,25.78,26.93,0.41,26.79,26.38
2021,1,21,19.78,89.62,3.24,26.83,25,25.91,27.05,0.44,26.98,26.55
2021,1,22,19.96,90.88,7.9,26.74,25.15,25.94,27.23,0.58,26.99,26.42
2021,1,23,18.86,82.75,0.46,27.42,24.21,25.81,27.36,1.29,28.12,26.83
2021,1,24,19.1,84.62,0.08,27.28,24.49,25.89,27.36,0.74,27.69,26.94
2021,1,25,19.17,84.56,0.12,27.33,24.52,25.93,27.51,0.84,27.82,26.98
2021,1,26,19.1,85.12,0.53,27.15,24.44,25.8,27.51,1.71,28.05,26.34
2021,1,27,18.74,82.94,9.32,27.26,24.13,25.7,27.48,1.16,27.94,26.79
2021,1,28,17.88,81.56,5.88,26.81,23.38,25.09,27.37,1.11,27.46,26.36
2021,1,29,15.99,74.88,0.06,26.38,21.58,23.98,27.25,0.95,27.01,26.05
2021,1,30,15.26,74.62,0.16,25.67,20.84,23.26,27.09,0.55,25.94,25.39
2021,1,31,15.87,76.06,0.98,26.02,21.49,23.76,26.76,1.34,26.77,25.44
2021,2,1,16.6,78.69,0.77,26.19,22.2,24.19,26.66,1.46,26.94,25.48
2021,2,2,17.76,82.38,1.55,26.52,23.29,24.9,26.74,1.77,27.6,25.83
2021,2,3,17.76,82.31,2.88,26.54,23.29,24.91,26.76,1.44,27.33,25.9
2021,2,4,18.13,85.56,7.53,26.22,23.63,24.92,26.73,0.7,26.64,25.94
2021,2,5,18.49,86.69,5.95,26.33,23.95,25.14,26.7,1.32,27.2,25.87
2021,2,6,18.98,87.44,1.55,26.59,24.36,25.48,26.66,1.45,27.4,25.96
2021,2,7,19.04,86.62,2.06,26.84,24.44,25.64,26.7,1.47,27.68,26.21
2021,2,8,18.74,85.88,7.35,26.69,24.15,25.42,26.66,0.62,27,26.38
2021,2,9,18.62,88.19,10.47,26.12,24.04,25.08,26.61,0.52,26.42,25.89
2021,2,10,17.52,83.38,7.24,26.03,23.01,24.51,26.76,0.55,26.3,25.75
2021,2,11,18.49,85.81,14.66,26.46,23.9,25.19,26.91,1.9,27.37,25.48
2021,2,12,18.74,84.75,3.68,26.9,24.12,25.51,27.05,1.38,27.62,26.23
2021,2,13,18.86,86.19,4.66,26.76,24.27,25.51,27.01,1.42,27.58,26.16
2021,2,14,17.7,81.44,0.45,26.63,23.2,24.92,27.01,1.3,27.31,26.01
2021,2,15,17.09,78.94,1.45,26.56,22.62,24.59,27.04,1.27,27.23,25.96
2021,2,16,16.72,77.19,1,26.62,22.31,24.47,26.97,1.2,27.34,26.15
2021,2,17,16.48,76.38,1.56,26.55,22.08,24.31,26.88,1.42,27.44,26.01
2021,2,18,15.69,74.56,3.8,26.18,21.32,23.75,26.7,1.34,26.85,25.51
2021,2,19,15.08,75.88,3.93,25.17,20.63,22.9,26.51,1.29,25.95,24.66
2021,2,20,14.22,72.62,0.02,24.94,19.71,22.33,26.44,1.13,25.43,24.3
2021,2,21,16.72,80.94,2.51,25.8,22.29,24.04,26.51,1.41,26.53,25.12
2021,2,22,19.35,89.25,20.54,26.54,24.65,25.59,26.56,1.11,26.95,25.85
2021,2,23,19.53,89.06,2.52,26.73,24.8,25.76,26.81,0.82,27.11,26.29
2021,2,24,19.29,86.31,0.49,27.04,24.58,25.8,26.98,0.43,27.23,26.8
2021,2,25,17.52,79.94,0.2,26.76,23.03,24.9,27.08,0.33,26.89,26.56
2021,2,26,18.37,82.75,0.24,26.94,23.77,25.36,27.33,0.45,27.23,26.78
2021,2,27,18.92,83.81,3.14,27.26,24.3,25.78,27.56,1.02,27.76,26.75
2021,2,28,19.41,85.25,10.81,27.44,24.76,26.1,27.62,1.02,27.9,26.88
2021,3,1,17.88,77.62,0.77,27.64,23.4,25.51,27.77,1.06,28.15,27.09
2021,3,2,18.19,79.38,0.07,27.54,23.67,25.61,27.9,1.59,28.34,26.76
2021,3,3,18.8,82.88,0.75,27.41,24.26,25.83,27.9,1.38,28.07,26.69
2021,3,4,17.94,77.94,0.31,27.69,23.49,25.59,27.81,1.37,28.42,27.06
2021,3,5,17.94,78.06,0.07,27.65,23.49,25.57,27.77,1.15,28.3,27.15
2021,3,6,17.82,78.44,0.05,27.46,23.4,25.43,27.79,1.31,28.13,26.82
2021,3,7,17.33,76,1.31,27.51,22.91,25.21,27.75,1.52,28.35,26.83
2021,3,8,17.82,77.31,3.24,27.71,23.37,25.55,27.77,1.66,28.7,27.04
2021,3,9,17.7,77.88,7.11,27.48,23.27,25.37,27.7,1.51,28.37,26.86
2021,3,10,17.21,75.62,2.1,27.48,22.8,25.14,27.65,1.56,28.45,26.89
2021,3,11,18.37,81.44,5.18,27.28,23.84,25.56,27.62,1.21,28.01,26.79
2021,3,12,19.17,86.19,21.24,27.04,24.55,25.8,27.53,0.66,27.41,26.75
2021,3,13,19.35,87.38,14.46,26.94,24.69,25.82,27.48,0.61,27.27,26.66
2021,3,14,18.62,84.62,7.06,26.84,24.05,25.44,27.48,0.86,27.37,26.51
2021,3,15,18.62,83.81,2.07,26.98,24.03,25.51,27.63,0.49,27.23,26.74
2021,3,16,19.04,84.06,3.43,27.3,24.4,25.85,27.8,0.76,27.55,26.8
2021,3,17,19.47,85,0.92,27.48,24.76,26.12,28.04,0.88,28.01,27.13
2021,3,18,19.84,84.44,0.18,27.92,25.08,26.5,28.28,0.91,28.47,27.55
2021,3,19,19.59,82.75,0.13,28.05,24.86,26.46,28.4,0.95,28.61,27.65
2021,3,20,19.65,81.94,0.24,28.23,24.87,26.55,28.48,0.9,28.69,27.8
2021,3,21,19.59,81.88,0.73,28.22,24.85,26.54,28.55,1.27,28.85,27.58
2021,3,22,20.08,83.62,5.58,28.3,25.29,26.8,28.43,1.34,29.1,27.76
2021,3,23,19.53,83.25,7.78,27.95,24.87,26.4,28.26,0.96,28.48,27.52
2021,3,24,19.29,82.31,3.71,27.9,24.62,26.26,28.23,1.39,28.68,27.29
2021,3,25,18.8,79.56,0.74,28.06,24.19,26.12,28.26,1.6,29.05,27.45
2021,3,26,19.47,82.44,1.17,28.03,24.77,26.4,28.3,1.73,28.87,27.14
2021,3,27,19.04,80,4.64,28.13,24.37,26.26,28.33,1.08,28.73,27.65
2021,3,28,19.04,79.56,2.37,28.22,24.35,26.28,28.4,0.96,28.67,27.71
2021,3,29,18.86,78.56,1.5,28.26,24.19,26.23,28.62,1.05,28.78,27.73
2021,3,30,19.17,79.44,0.05,28.33,24.44,26.38,28.65,1.16,28.92,27.76
2021,3,31,19.53,80.81,0.8,28.39,24.78,26.58,28.64,1.62,29.2,27.58
2021,4,1,18.55,75.62,0.56,28.66,23.91,26.29,28.83,1.34,29.37,28.03
2021,4,2,18.07,74.69,0.01,28.42,23.51,25.97,28.89,1.82,29.4,27.58
2021,4,3,18.37,75.94,0,28.44,23.79,26.11,28.87,1.99,29.44,27.44
2021,4,4,18.68,77.12,0.02,28.46,24.08,26.27,28.84,1.88,29.69,27.81
2021,4,5,18.68,77.62,0.01,28.4,24.12,26.26,28.84,1.59,29.35,27.76
2021,4,6,19.1,79.94,0.42,28.26,24.48,26.37,28.76,1.63,29.16,27.52
2021,4,7,17.76,75.94,0.13,27.9,23.28,25.58,28.66,1.77,28.93,27.15
2021,4,8,17.4,74.06,1.17,27.98,22.94,25.46,28.69,1.9,29.05,27.15
2021,4,9,17.58,74.56,0.42,28.02,23.09,25.56,28.66,1.99,29.14,27.15
2021,4,10,17.82,75.69,0.74,28.05,23.35,25.69,28.62,2.05,29.15,27.12
2021,4,11,17.46,74.38,1.55,28.01,23.01,25.51,28.55,2.02,29.17,27.15
2021,4,12,18.62,79,0.92,28.04,24.08,26.05,28.54,1.95,29.14,27.2
2021,4,13,19.17,80.38,2.34,28.25,24.54,26.39,28.6,1.8,29.29,27.49
2021,4,14,19.71,82.12,1.78,28.31,24.98,26.64,28.66,1.53,29.2,27.68
2021,4,15,19.9,83.12,4.19,28.22,25.09,26.65,28.6,1.08,28.86,27.77
2021,4,16,19.47,80.44,0.93,28.46,24.76,26.62,28.76,2.22,29.65,27.44
2021,4,17,19.35,80,0.21,28.44,24.65,26.55,28.83,1.8,29.56,27.76
2021,4,18,18.37,75.19,0.98,28.6,23.76,26.18,28.87,1.99,29.75,27.75
2021,4,19,18.74,75.62,1.84,28.81,24.06,26.44,28.94,2.55,30.17,27.61
2021,4,20,19.47,78.81,0.28,28.73,24.68,26.7,28.9,2.68,30.26,27.58
2021,4,21,19.59,77.12,0.22,29.24,24.81,27.02,28.94,3.09,31.01,27.92
2021,4,22,20.08,78.62,0.18,29.31,25.21,27.26,28.95,2.89,30.88,27.99
2021,4,23,19.41,77.44,0.44,28.98,24.64,26.81,28.84,2.07,30.06,27.99
2021,4,24,18.98,76.06,0.23,28.95,24.3,26.62,28.71,1.81,29.87,28.05
2021,4,25,18.43,75.81,0.15,28.54,23.83,26.18,28.59,2.21,29.58,27.37
2021,4,26,17.82,76.81,0.56,27.75,23.3,25.52,28.29,1.48,28.55,27.07
2021,4,27,17.94,78.88,0.49,27.45,23.48,25.47,28.2,1.88,28.44,26.57
2021,4,28,17.52,75.75,0.07,27.76,23.08,25.42,28.49,2.08,28.82,26.75
2021,4,29,17.09,75,0,27.45,22.62,25.04,28.71,1.53,28.12,26.59
2021,4,30,17.4,72.69,0,28.28,22.94,25.61,28.79,1.14,28.82,27.68
2021,5,1,18.01,75.25,0,28.3,23.5,25.9,28.95,1.49,29.11,27.62
2021,5,2,19.35,78.81,0.04,28.73,24.71,26.72,29.19,1.3,29.51,28.21
2021,5,3,19.78,78.81,1.14,29.09,25.05,27.07,29.19,1.38,29.85,28.47
2021,5,4,20.51,82.31,3.1,28.94,25.65,27.3,29.07,0.99,29.46,28.47
2021,5,5,20.63,82.31,1.21,29.02,25.72,27.37,29.14,1.4,29.8,28.4
2021,5,6,20.69,82.12,2.47,29.14,25.78,27.46,29.18,1.73,30.08,28.35
2021,5,7,20.63,80.94,2.98,29.33,25.72,27.52,29.34,1.41,30.15,28.73
2021,5,8,20.14,80,4.18,29.15,25.34,27.25,29.37,1,29.62,28.62
2021,5,9,19.71,77.75,2.06,29.23,24.95,27.08,29.44,1.43,30.01,28.58
2021,5,10,20.32,81.5,4.21,28.93,25.47,27.2,29.38,0.7,29.33,28.63
2021,5,11,20.08,79.69,0.82,29.1,25.25,27.17,29.54,0.38,29.33,28.95
2021,5,12,20.51,81.12,0.5,29.15,25.6,27.37,29.62,1.25,29.84,28.6
2021,5,13,20.39,79.5,2.09,29.41,25.49,27.45,29.8,1.65,30.33,28.69
2021,5,14,20.63,80,4.35,29.54,25.73,27.63,29.78,1.6,30.49,28.9
2021,5,15,21.18,83.69,12.24,29.16,26.14,27.65,29.63,1.31,29.77,28.46
2021,5,16,20.69,80.62,4.95,29.45,25.78,27.62,29.73,0.83,29.98,29.15
2021,5,17,20.81,79.62,0.33,29.77,25.87,27.82,29.94,1.67,30.76,29.09
2021,5,18,21.42,83.19,2.37,29.48,26.36,27.92,29.72,0.35,29.7,29.35
2021,5,19,20.87,82.38,1.83,29.23,25.94,27.58,29.58,0.49,29.51,29.02
2021,5,20,20.51,82,6.81,28.98,25.62,27.3,29.6,0.67,29.4,28.73
2021,5,21,19.53,79.31,4.93,28.76,24.84,26.8,29.58,0.84,29.19,28.36
2021,5,22,19.29,75.88,0.32,29.27,24.58,26.93,30.04,1.16,29.81,28.65
2021,5,23,19.59,77.25,0.85,29.26,24.88,27.07,30.27,1.1,29.96,28.86
2021,5,24,19.65,77.19,6.45,29.33,24.93,27.12,30.26,1.02,29.84,28.82
2021,5,25,20.02,75.94,1.48,29.94,25.23,27.58,30.37,1.28,30.74,29.46
2021,5,26,19.41,74.06,0.15,29.82,24.71,27.26,30.49,1,30.3,29.3
2021,5,27,20.45,78.56,8.62,29.69,25.58,27.64,30.5,0.86,30.05,29.19
2021,5,28,21.12,81.31,37,29.67,26.15,27.91,30.35,0.61,30.05,29.44
2021,5,29,20.75,79.56,2.2,29.69,25.8,27.75,30.64,0.51,30.04,29.52
2021,5,30,20.02,74.06,0.18,30.33,25.21,27.77,30.81,1.12,30.93,29.8
2021,5,31,21,77.44,1.54,30.35,25.98,28.16,30.95,0.95,30.8,29.85
2021,6,1,20.94,75.88,4.15,30.66,25.92,28.3,31.02,1.48,31.62,30.14
2021,6,2,22.4,85.25,92.48,29.76,27.04,28.4,30.71,1.02,30.11,29.08
2021,6,3,20.87,80.5,11.07,29.61,25.9,27.76,30.3,1.65,30.68,29.03
2021,6,4,20.63,78.06,3.11,29.99,25.72,27.86,30.19,2.16,31.21,29.05
2021,6,5,20.75,78.44,0.82,29.97,25.8,27.88,30.23,1.76,30.98,29.22
2021,6,6,19.1,72.62,0.51,29.9,24.37,27.13,30.15,1.9,30.91,29.01
2021,6,7,19.53,77.88,1.41,29.05,24.81,26.93,30.11,0.82,29.33,28.51
2021,6,8,19.1,80.62,3.15,28.06,24.43,26.24,30.05,0.51,28.26,27.76
2021,6,9,18.92,79.12,17.73,28.23,24.25,26.23,30.02,2.44,29.24,26.8
2021,6,10,19.65,80.75,6.96,28.49,24.87,26.68,30.04,1.2,29.03,27.83
2021,6,11,19.9,82.5,4.21,28.33,25.08,26.7,30.09,0.31,28.5,28.19
2021,6,12,19.9,84.75,14.35,27.91,25.12,26.51,30.1,0.76,28.33,27.57
2021,6,13,19.53,82.06,10.33,28.16,24.83,26.5,30,0.46,28.42,27.97
2021,6,14,18.43,73.94,0.87,28.96,23.85,26.4,30.05,1.74,29.8,28.06
2021,6,15,19.41,74.69,0.08,29.67,24.69,27.19,30.13,2.14,30.94,28.8
2021,6,16,19.71,76.19,0.15,29.62,24.98,27.3,30.09,1.57,30.51,28.94
2021,6,17,20.02,77.12,0.12,29.66,25.24,27.45,30.22,1.05,30.2,29.15
2021,6,18,19.59,73.81,0.16,30.02,24.85,27.44,30.4,1.13,30.54,29.4
2021,6,19,19.78,75.44,6.62,29.84,25.03,27.44,30.24,1.34,30.58,29.23
2021,6,20,20.51,80.62,3.16,29.26,25.59,27.42,30.1,1.35,30.15,28.8
2021,6,21,19.59,78.12,7.16,29.08,24.86,26.97,30.01,1.63,30.15,28.52
2021,6,22,18.92,76.44,2.51,28.87,24.31,26.59,29.86,1.39,29.71,28.31
2021,6,23,18.74,74.62,0.53,29.12,24.15,26.64,29.82,2.16,30.34,28.19
2021,6,24,18.62,74.06,1.27,29.09,24.01,26.55,29.79,1.16,29.66,28.5
2021,6,25,18.31,71.25,0.75,29.49,23.74,26.62,29.91,1.21,30.09,28.88
2021,6,26,19.35,75.75,0.22,29.39,24.65,27.02,30.1,0.98,29.85,28.87
2021,6,27,19.23,77.25,0.77,28.92,24.56,26.74,30.16,0.43,29.23,28.8
2021,6,28,19.59,78.31,0.56,29.01,24.87,26.94,30.3,0.84,29.36,28.51
2021,6,29,19.1,75,0.29,29.33,24.46,26.9,30.36,0.98,29.89,28.91
2021,6,30,19.41,74.06,0.23,29.83,24.71,27.27,30.57,1.36,30.44,29.08
2021,7,1,19.59,75.88,0.82,29.57,24.88,27.23,30.51,0.74,30.14,29.4
2021,7,2,19.9,78.88,3.45,29.13,25.11,27.12,30.36,0.97,29.77,28.8
2021,7,3,19.29,76.62,9.8,29.09,24.58,26.83,30.3,1.32,29.69,28.37
2021,7,4,21.12,87.19,34.35,28.37,26.05,27.22,30.03,0.98,28.81,27.83
2021,7,5,20.32,83.44,12.62,28.51,25.44,26.98,29.79,0.74,28.97,28.22
2021,7,6,19.96,84.62,11.52,27.98,25.16,26.57,29.75,0.38,28.13,27.75
2021,7,7,19.35,78.5,21.16,28.76,24.66,26.72,29.9,1.61,29.48,27.87
2021,7,8,20.32,81.38,26.85,28.97,25.48,27.22,29.95,0.35,29.15,28.8
2021,7,9,20.63,80.69,5.21,29.37,25.73,27.55,30.01,0.76,29.9,29.14
2021,7,10,19.17,76.56,23.51,29.04,24.51,26.78,29.98,0.53,29.25,28.72
2021,7,11,19.78,77.38,7.52,29.39,25.04,27.21,29.93,1.3,30.06,28.77
2021,7,12,21,83.12,5.13,29.17,26.04,27.61,29.85,0.68,29.49,28.81
2021,7,13,19.04,76.31,11.35,28.97,24.39,26.68,29.82,0.5,29.22,28.72
2021,7,14,19.17,77.38,2.32,28.8,24.47,26.64,29.88,0.31,28.89,28.58
2021,7,15,19.53,79.25,10.85,28.73,24.79,26.76,29.87,1.58,29.58,28
2021,7,16,20.45,82.56,7.6,28.8,25.54,27.17,29.99,1.2,29.4,28.21
2021,7,17,21.06,83.75,8.07,29.01,25.98,27.49,29.97,1.05,29.65,28.6
2021,7,18,21.06,84.75,24.07,28.8,25.99,27.4,29.87,0.96,29.26,28.3
2021,7,19,21.42,85.56,12.08,28.98,26.33,27.65,29.79,0.88,29.5,28.62
2021,7,20,21.18,84.06,11.69,29.06,26.1,27.58,29.72,1.66,29.98,28.3
2021,7,21,21.36,85.12,52.72,28.97,26.23,27.6,29.64,0.83,29.53,28.7
2021,7,22,21.36,84.31,80.94,29.15,26.25,27.7,29.58,1.33,29.98,28.65
2021,7,23,21.42,84.62,49.14,29.1,26.27,27.69,29.57,0.88,29.65,28.77
2021,7,24,21.42,85.06,29.91,29.05,26.3,27.68,29.55,1.05,29.59,28.54
2021,7,25,20.94,83.44,6.66,29.02,25.94,27.48,29.48,1.58,30.08,28.51
2021,7,26,21,82.44,0.74,29.23,25.94,27.58,29.58,1.8,30.31,28.51
2021,7,27,21.73,84.56,5.29,29.35,26.48,27.92,29.57,1.56,30.27,28.71
2021,7,28,21.42,84.5,17.84,29.12,26.26,27.69,29.46,1.23,29.87,28.65
2021,7,29,21,83,8.53,29.17,25.99,27.58,29.4,1.4,30.07,28.68
2021,7,30,21.12,83.62,1.22,29.13,26.08,27.61,29.38,1.45,30.1,28.65
2021,7,31,21.12,83.69,0.44,29.11,26.07,27.58,29.36,1.72,30.13,28.41
2021,8,1,21,83.12,2.64,29.14,25.98,27.56,29.32,1.92,30.33,28.41
2021,8,2,21.24,84.31,3.16,29.08,26.18,27.63,29.24,1.3,29.84,28.55
2021,8,3,21.24,83.75,4.39,29.19,26.17,27.68,29.24,1.39,30,28.61
2021,8,4,21.24,84.06,1.9,29.14,26.19,27.66,29.26,1.25,29.94,28.69
2021,8,5,21.42,85.12,1.78,29.09,26.36,27.73,29.29,1.39,29.99,28.6
2021,8,6,21.24,84.06,3.15,29.15,26.19,27.67,29.32,1.48,30.07,28.58
2021,8,7,20.81,82.44,1.18,29.19,25.9,27.55,29.37,1.65,30.16,28.51
2021,8,8,20.32,80.44,0.15,29.23,25.51,27.37,29.31,1.58,30.23,28.65
2021,8,9,19.84,80.44,21.17,28.76,25.06,26.91,29.26,1.38,29.39,28.01
2021,8,10,18.8,80.5,10.37,27.81,24.16,25.98,29.22,1.14,28.41,27.27
2021,8,11,17.82,72.62,1.18,28.76,23.34,26.05,29.27,1.98,29.62,27.64
2021,8,12,18.92,76.69,0.36,28.83,24.34,26.58,29.3,0.62,29.13,28.51
2021,8,13,18.98,77.69,0.41,28.59,24.33,26.46,29.55,0.62,28.8,28.18
2021,8,14,18.55,77.38,6.25,28.27,23.94,26.11,29.59,0.5,28.53,28.03
2021,8,15,18.92,80.38,4.56,27.98,24.3,26.14,29.56,1.16,28.62,27.45
2021,8,16,19.35,78.5,1.48,28.78,24.69,26.73,29.58,0.88,29.44,28.55
2021,8,17,19.47,79,1.21,28.75,24.76,26.76,29.59,0.79,29.38,28.59
2021,8,18,19.04,78.19,1.46,28.55,24.39,26.47,29.63,0.59,28.84,28.25
2021,8,19,19.1,79,2.45,28.39,24.42,26.4,29.61,1.13,28.98,27.85
2021,8,20,19.04,76.81,1.93,28.87,24.42,26.65,29.65,0.84,29.25,28.4
2021,8,21,18.55,75.19,2.69,28.79,23.91,26.35,29.69,1.55,29.53,27.98
2021,8,22,18.13,73.25,6.69,28.84,23.58,26.21,29.74,1.07,29.37,28.3
2021,8,23,19.29,79.62,5.22,28.43,24.59,26.51,29.69,0.64,28.89,28.25
2021,8,24,18.8,80.75,8.35,27.78,24.19,25.98,29.65,0.55,28.08,27.53
2021,8,25,19.35,82.25,29.66,27.97,24.68,26.33,29.65,0.5,28.23,27.73
2021,8,26,19.71,81.31,25.93,28.46,24.96,26.71,29.62,1.41,29.39,27.98
2021,8,27,19.9,79.06,18.66,29.07,25.09,27.08,29.72,0.73,29.37,28.63
2021,8,28,20.32,80.06,12.35,29.23,25.44,27.33,29.72,0.65,29.55,28.9
2021,8,29,19.96,81.88,19.4,28.53,25.15,26.84,29.55,1.5,29.47,27.96
2021,8,30,19.23,80.06,4.64,28.3,24.53,26.41,29.7,1.12,28.78,27.65
2021,8,31,20.08,81.75,3.67,28.67,25.26,26.97,29.68,0.63,29,28.36
2021,9,1,19.23,80.88,3.42,28.15,24.58,26.37,29.64,1.23,28.69,27.47
2021,9,2,18.62,78.44,1.8,28.12,24.04,26.08,29.67,0.63,28.43,27.8
2021,9,3,19.04,79.81,4.53,28.23,24.38,26.3,29.73,2.31,29.51,27.19
2021,9,4,18.8,73.69,2.41,29.34,24.14,26.74,29.83,1.77,30.38,28.62
2021,9,5,19.47,78.19,2.86,28.88,24.73,26.8,29.82,0.34,29.04,28.7
2021,9,6,19.9,81.56,18.77,28.56,25.12,26.84,29.72,0.46,28.8,28.34
2021,9,7,20.75,85.12,50.58,28.51,25.79,27.15,29.67,1.16,29.13,27.97
2021,9,8,20.39,81.69,53.22,28.88,25.43,27.15,29.62,2.1,30.07,27.97
2021,9,9,19.1,76.88,3.53,28.9,24.4,26.65,29.61,2.12,30.14,28.01
2021,9,10,19.96,83.31,40.84,28.22,25.12,26.66,29.45,1.43,28.69,27.26
2021,9,11,20.45,83,25.98,28.73,25.58,27.15,29.4,1.16,29.39,28.23
2021,9,12,20.45,82.56,1.91,28.8,25.55,27.17,29.3,0.41,28.93,28.51
2021,9,13,19.59,80.25,1.71,28.59,24.87,26.73,29.24,0.92,29.03,28.11
2021,9,14,19.84,82.62,4.41,28.33,25.12,26.73,29.33,1.09,28.8,27.7
2021,9,15,20.02,81.38,1.39,28.73,25.24,26.99,29.58,0.59,29.09,28.51
2021,9,16,19.65,80.44,27.87,28.62,24.94,26.78,29.68,1.8,29.48,27.69
2021,9,17,19.96,83.56,11.13,28.19,25.15,26.67,29.58,1.9,29.25,27.35
2021,9,18,19.41,78.56,7.43,28.79,24.71,26.75,29.58,0.62,29.05,28.42
2021,9,19,19.41,80.88,23.85,28.3,24.73,26.51,29.49,0.94,28.62,27.68
2021,9,20,19.04,82.25,6.59,27.66,24.38,26.02,29.43,0.71,28,27.3
2021,9,21,20.02,83.56,8.55,28.24,25.2,26.73,29.37,1.43,28.93,27.5
2021,9,22,20.14,84.56,10.12,28.18,25.36,26.77,29.33,0.61,28.56,27.95
2021,9,23,19.1,78.19,3.48,28.65,24.49,26.57,29.44,0.92,29.08,28.16
2021,9,24,19.96,80.25,2.55,28.92,25.19,27.05,29.45,1.11,29.53,28.42
2021,9,25,20.57,82.06,7.87,28.99,25.64,27.31,29.5,0.61,29.27,28.66
2021,9,26,19.84,79,3.97,29.05,25.03,27.05,29.6,0.97,29.56,28.59
2021,9,27,20.26,81.56,11.71,28.83,25.38,27.11,29.54,0.41,29.05,28.65
2021,9,28,20.69,84.19,5.4,28.65,25.74,27.2,29.51,0.58,28.93,28.35
2021,9,29,21,83.81,16,28.98,25.97,27.48,29.47,1.01,29.37,28.36
2021,9,30,20.2,80,9.03,29.14,25.35,27.25,29.37,1.02,29.71,28.69
2021,10,1,19.04,75.94,0.88,29.03,24.35,26.69,29.4,1.16,29.53,28.37
2021,10,2,20.2,81.81,26.05,28.77,25.37,27.07,29.41,0.44,29.06,28.62
2021,10,3,20.57,81.88,22.55,29.03,25.64,27.33,29.39,1.33,29.76,28.43
2021,10,4,21.18,85.94,20.83,28.68,26.12,27.4,29.34,0.73,29.12,28.39
2021,10,5,21.18,86.56,23.04,28.51,26.08,27.3,29.3,1.48,29.09,27.62
2021,10,6,19.84,81.19,7.24,28.58,25.05,26.82,29.37,1.2,29.05,27.86
2021,10,7,19.35,78.5,0.73,28.71,24.62,26.66,29.42,0.7,28.95,28.26
2021,10,8,18.92,75.94,1.29,28.95,24.24,26.59,29.46,2.8,30.58,27.79
2021,10,9,20.45,81.62,7.24,28.95,25.51,27.23,29.37,1.16,29.68,28.52
2021,10,10,20.81,83.06,8.68,28.9,25.75,27.33,29.47,2,30.32,28.32
2021,10,11,21.61,83.88,2.44,29.33,26.32,27.82,29.51,2.41,30.74,28.33
2021,10,12,21.18,84.06,22.3,28.97,26.02,27.5,29.44,1.09,29.65,28.57
2021,10,13,20.75,83.69,22.27,28.77,25.76,27.26,29.39,0.95,29.08,28.13
2021,10,14,19.41,81.25,6.65,28.17,24.65,26.41,29.34,1.39,28.83,27.44
2021,10,15,19.59,84.44,19.5,27.65,24.8,26.22,29.3,1.16,28.26,27.11
2021,10,16,19.71,82.88,22.53,28.09,24.9,26.5,29.23,0.91,28.44,27.53
2021,10,17,20.51,83.12,16.46,28.73,25.6,27.16,29.26,0.91,29.18,28.26
2021,10,18,20.57,84,12.38,28.63,25.68,27.15,29.22,0.47,28.94,28.47
2021,10,19,20.02,81.31,5.17,28.79,25.27,27.03,29.22,1.62,29.68,28.05
2021,10,20,20.45,84.31,4.7,28.52,25.65,27.08,29.23,0.23,28.63,28.4
2021,10,21,20.32,83.75,4.51,28.51,25.52,27.01,29.29,0.76,28.98,28.22
2021,10,22,19.65,79.88,1.3,28.78,24.97,26.87,29.23,1.59,29.72,28.12
2021,10,23,20.45,82.94,16.04,28.74,25.57,27.15,29.11,0.74,29.12,28.38
2021,10,24,19.53,84.06,26.75,27.79,24.87,26.33,29.02,1.41,28.51,27.11
2021,10,25,19.9,84.38,28.57,27.98,25.12,26.55,29.07,0.54,28.3,27.76
2021,10,26,19.9,80.94,10.51,28.69,25.12,26.9,29.12,1.01,29.23,28.23
2021,10,27,19.84,80.31,8.53,28.84,25.12,26.98,29.24,1.38,29.63,28.25
2021,10,28,19.53,80.25,9.05,28.58,24.87,26.73,29.23,1.1,29.25,28.15
2021,10,29,19.17,78.62,3.95,28.59,24.53,26.56,29.09,1.2,29.29,28.09
2021,10,30,19.1,78.06,1.09,28.67,24.48,26.58,29.02,1.29,29.44,28.15
2021,10,31,18.55,76.56,3.55,28.55,24.04,26.3,29.06,1.27,29.23,27.96
2021,11,1,18.31,74.69,1.73,28.73,23.79,26.26,29.06,1.19,29.33,28.14
2021,11,2,18.62,75.62,2.17,28.8,24.08,26.44,29.05,1.39,29.65,28.26
2021,11,3,19.47,79.94,2.61,28.55,24.77,26.66,28.95,1.32,29.34,28.01
2021,11,4,20.32,82.56,4.03,28.73,25.48,27.1,28.91,1.33,29.6,28.27
2021,11,5,21.06,86,9.33,28.59,26.04,27.31,28.94,0.8,28.95,28.16
2021,11,6,20.08,80.62,1.9,28.89,25.23,27.06,29.13,0.88,29.42,28.55
2021,11,7,21.24,86.44,2.57,28.65,26.18,27.41,29.03,0.45,28.87,28.41
2021,11,8,21.36,86.62,4,28.73,26.29,27.51,29.1,1.07,29.3,28.23
2021,11,9,20.32,82.81,3.27,28.67,25.48,27.08,29.05,0.41,28.89,28.48
2021,11,10,19.59,79.69,0.43,28.69,24.87,26.78,29.01,0.8,29.22,28.41
2021,11,11,20.02,82.19,1.6,28.55,25.23,26.89,28.96,0.91,29.15,28.23
2021,11,12,21.12,86.94,4.17,28.48,26.12,27.3,28.93,0.5,28.74,28.24
2021,11,13,20.63,84.94,3.68,28.49,25.74,27.12,29.01,0.71,28.96,28.25
2021,11,14,20.45,84.12,1.62,28.5,25.57,27.04,29.03,0.91,29.09,28.17
2021,11,15,20.26,82.06,3.59,28.76,25.41,27.08,28.99,1.08,29.48,28.41
2021,11,16,20.45,83.06,2.75,28.73,25.58,27.15,29.1,1.24,29.47,28.23
2021,11,17,19.96,79.44,1.84,29.07,25.15,27.12,29.14,1.26,29.65,28.39
2021,11,18,18.62,76.31,0.14,28.55,23.99,26.27,29.19,1.09,28.94,27.84
2021,11,19,20.26,83.94,1.66,28.33,25.37,26.86,29.15,0.98,28.8,27.83
2021,11,20,20.39,86,17.11,28.03,25.48,26.76,29.07,1,28.43,27.43
2021,11,21,20.08,82.94,2.21,28.44,25.29,26.87,29.18,0.43,28.71,28.28
2021,11,22,20.26,83.06,0.52,28.57,25.43,27,29.28,0.98,29.09,28.12
2021,11,23,20.32,82.69,3.35,28.72,25.49,27.11,29.31,0.77,29.15,28.4
2021,11,24,20.26,82.75,11.77,28.62,25.41,27.01,29.23,1.23,29.37,28.15
2021,11,25,20.51,83.75,12.08,28.62,25.6,27.11,29.06,0.49,28.85,28.36
2021,11,26,19.59,80,10.75,28.65,24.89,26.77,29.06,1.09,29.23,28.13
2021,11,27,20.14,82.25,2.94,28.63,25.33,26.98,28.97,1.22,29.33,28.12
2021,11,28,20.51,84.88,5.85,28.37,25.61,26.99,28.84,0.75,28.83,28.07
2021,11,29,20.08,81.88,2.18,28.65,25.25,26.95,29,1.1,29.22,28.12
2021,11,30,20.08,81.88,0.3,28.65,25.27,26.96,29.01,1.24,29.29,28.05
2021,12,1,20.02,83.5,2.24,28.26,25.23,26.74,28.75,1.59,29.23,27.65
2021,12,2,18.98,80.88,1.46,27.89,24.35,26.12,28.8,1.22,28.58,27.36
2021,12,3,17.21,75.5,0.48,27.5,22.87,25.19,28.58,0.78,27.94,27.15
2021,12,4,16.36,72.44,0.05,27.31,22.04,24.67,28.55,1.01,27.77,26.76
2021,12,5,16.17,71.94,0.04,27.25,21.86,24.55,28.42,1.43,27.98,26.55
2021,12,6,16.78,73.81,0.17,27.44,22.44,24.94,28.45,1.3,28.14,26.84
2021,12,7,17.94,78.38,1.32,27.51,23.48,25.49,28.33,1.12,28.23,27.1
2021,12,8,17.4,76.5,0.3,27.4,22.99,25.2,28.15,1.02,27.87,26.84
2021,12,9,17.15,77.19,0.12,27.05,22.78,24.91,27.96,1.03,27.66,26.63
2021,12,10,18.13,80.62,0.29,27.24,23.66,25.45,27.86,1.48,28.15,26.67
2021,12,11,19.78,86.38,4.99,27.53,25.06,26.3,27.93,1.43,28.31,26.88
2021,12,12,19.53,85.12,3.2,27.55,24.84,26.19,27.81,1.41,28.42,27.01
2021,12,13,19.17,85.12,2.21,27.2,24.51,25.86,27.69,1,27.72,26.72
2021,12,14,17.52,78.5,0.25,27.09,23.08,25.08,27.61,1.42,27.95,26.52
2021,12,15,18.74,83.69,1.7,27.1,24.13,25.62,27.53,1.48,28.01,26.53
2021,12,16,19.59,86.56,27.74,27.26,24.83,26.05,27.42,1.55,28.13,26.57
2021,12,17,21.12,90.88,13.95,27.68,26.04,26.86,27.38,0.71,28.1,27.39
2021,12,18,20.81,90.62,9.3,27.52,25.85,26.69,27.4,0.52,27.8,27.28
2021,12,19,19.35,86.25,7.24,27.17,24.68,25.92,27.34,1.06,27.51,26.45
2021,12,20,17.88,78.81,1.01,27.4,23.39,25.39,27.47,2.18,28.33,26.15
2021,12,21,18.49,82.62,0.55,27.16,23.98,25.58,27.51,0.38,27.35,26.97
2021,12,22,18.31,81.06,0.21,27.31,23.82,25.56,27.64,0.8,27.64,26.83
2021,12,23,18.55,81,0.61,27.52,24.01,25.76,27.79,1.44,28.27,26.83
2021,12,24,18.43,80.31,1.66,27.58,23.94,25.76,27.73,1.18,28.23,27.05
2021,12,25,18.92,82.5,3.39,27.58,24.37,25.97,27.87,1.29,28.3,27.02
2021,12,26,18.92,82.88,5.93,27.52,24.39,25.95,27.87,1.16,28.14,26.98
2021,12,27,18.55,84.38,12.38,26.87,24.05,25.46,27.8,1.14,27.39,26.25
2021,12,28,17.33,80,1.88,26.69,23.01,24.85,27.68,1.4,27.47,26.07
2021,12,29,17.09,77.12,0.3,27.08,22.8,24.94,27.56,1.72,28.05,26.33
2021,12,30,16.97,77.38,0.53,26.9,22.67,24.78,27.46,1.35,27.71,26.36
2021,12,31,15.87,73.94,0.03,26.51,21.58,24.04,27.37,0.75,26.94,26.19
2022,1,1,16.3,75.56,0.41,26.6,22.02,24.31,27.38,1.02,27.17,26.15
2022,1,2,16.3,76.5,0.26,26.38,21.99,24.19,27.37,1.27,26.98,25.7
2022,1,3,16.54,76.62,0.26,26.58,22.22,24.4,27.37,1.25,27.37,26.12
2022,1,4,16.42,76.44,0.28,26.48,22.08,24.28,27.23,1.68,27.62,25.94
2022,1,5,16.66,77,0.06,26.63,22.33,24.48,27.12,1.59,27.51,25.93
2022,1,6,16.42,75.81,0.08,26.65,22.12,24.38,27.12,1.4,27.48,26.09
2022,1,7,17.58,81.38,0.18,26.56,23.15,24.86,27.15,1.13,27.26,26.13
2022,1,8,18.01,83.19,2.45,26.62,23.55,25.08,27.04,1.33,27.37,26.05
2022,1,9,17.88,82.25,1.16,26.65,23.41,25.03,27.05,1.42,27.37,25.95
2022,1,10,17.88,81.56,0.14,26.8,23.41,25.1,27.12,1.48,27.56,26.08
2022,1,11,17.76,81.69,0.23,26.69,23.33,25.01,27.2,1.78,27.75,25.97
2022,1,12,16.54,77.5,0.15,26.41,22.22,24.32,27.02,1.59,27.36,25.76
2022,1,13,16.42,77.56,0.18,26.3,22.12,24.21,26.99,1.64,27.33,25.7
2022,1,14,15.56,75.06,0.08,25.9,21.22,23.56,26.9,1.1,26.62,25.51
2022,1,15,14.71,70.56,0.07,26.03,20.37,23.2,26.89,1.8,26.98,25.19
2022,1,16,15.62,73.19,0.17,26.41,21.3,23.86,26.83,1.67,27.43,25.76
2022,1,17,15.32,72.5,0.03,26.23,20.98,23.61,26.78,1.67,27.15,25.48
2022,1,18,15.81,74.88,0.09,26.21,21.48,23.84,26.87,1.69,27.17,25.48
2022,1,19,17.46,80.38,0.39,26.62,23,24.81,26.98,1.92,27.79,25.87
2022,1,20,18.31,85.69,5.47,26.33,23.76,25.05,26.87,1.27,27.06,25.8
2022,1,21,18.37,84.06,5.41,26.76,23.87,25.31,26.87,1.29,27.52,26.23
2022,1,22,18.19,84,1.87,26.57,23.67,25.12,26.8,1.12,27.2,26.08
2022,1,23,17.64,80.62,0.17,26.77,23.21,24.99,26.83,0.81,27.16,26.35
2022,1,24,18.98,86.31,2.86,26.8,24.33,25.56,26.84,1.71,27.79,26.08
2022,1,25,19.04,86.31,6.18,26.87,24.4,25.63,26.88,1.4,27.73,26.33
2022,1,26,19.47,89.94,16.32,26.54,24.75,25.64,26.73,0.52,26.84,26.32
2022,1,27,19.53,88.44,4.4,26.85,24.79,25.82,26.86,1.09,27.35,26.26
2022,1,28,18.01,83.12,0.09,26.57,23.5,25.04,27.17,0.66,26.9,26.23
2022,1,29,18.43,85.62,2.11,26.48,23.89,25.18,27.17,0.71,26.92,26.22
2022,1,30,18.43,79.56,0.9,27.76,23.9,25.83,27.31,3.05,29.68,26.63
2022,1,31,18.43,82.69,1.39,27.09,23.92,25.51,27.41,1.75,27.91,26.16
2022,2,1,18.37,82.94,1.33,26.99,23.87,25.44,27.49,1.64,28.01,26.37
2022,2,2,18.74,84.56,4.09,26.96,24.16,25.56,27.36,1.55,27.86,26.31
2022,2,3,18.8,83.69,3.8,27.19,24.21,25.7,27.36,1.51,28.1,26.59
2022,2,4,18.49,85.25,24.29,26.63,23.98,25.31,27.24,0.79,27.08,26.28
2022,2,5,17.58,80.25,2.31,26.79,23.15,24.97,27.25,1.38,27.5,26.12
2022,2,6,17.09,77.88,0.41,26.85,22.73,24.79,27.17,1.92,27.93,26.01
2022,2,7,17.82,81.81,0.63,26.7,23.38,25.05,27.05,1.45,27.37,25.93
2022,2,8,18.86,84.69,0.75,27.08,24.3,25.69,26.96,1.44,27.86,26.42
2022,2,9,17.7,80.25,0.47,26.91,23.26,25.08,27,1.73,27.96,26.23
2022,2,10,16.85,77.06,0.1,26.79,22.48,24.63,26.98,1.84,27.83,26.01
2022,2,11,17.09,77.31,0.17,26.95,22.69,24.83,27.17,1.88,28.1,26.22
2022,2,12,18.74,84.88,6.92,26.83,24.11,25.47,27.21,0.91,27.3,26.4
2022,2,13,18.8,85.69,3.43,26.77,24.19,25.48,27.14,0.84,27.29,26.46
2022,2,14,17.94,81.25,1.53,26.93,23.48,25.2,27.19,1.02,27.41,26.39
2022,2,15,17.33,78.25,0.51,26.97,22.9,24.94,27.17,1.7,27.9,26.2
2022,2,16,17.09,76.88,0.09,27.04,22.7,24.87,27.27,1.75,28.13,26.38
2022,2,17,17.76,80.56,0.67,26.88,23.3,25.08,27.3,1.7,27.85,26.15
2022,2,18,18.37,82.12,0.29,27.11,23.83,25.48,27.33,1.37,27.87,26.51
2022,2,19,18.92,82.88,0.98,27.45,24.31,25.88,27.39,1.45,28.26,26.81
2022,2,20,19.04,84.69,1.57,27.22,24.43,25.83,27.33,1.34,28.02,26.69
2022,2,21,18.62,83.75,2,27.03,24.06,25.55,27.21,1.3,27.69,26.4
2022,2,22,18.92,84.75,5.1,27.12,24.36,25.73,27.18,1.13,27.69,26.56
2022,2,23,18.62,82.88,1.2,27.25,24.11,25.68,27.19,1.5,28.15,26.65
2022,2,24,18.19,81.12,2.09,27.2,23.73,25.47,27.29,1.7,28.27,26.57
2022,2,25,17.94,80.69,1.44,27.08,23.51,25.3,27.57,1.63,28,26.37
